Sample	PhylumID	SampleID	Abundance
1	Cyanobacteria	HKBea1Aug	0.0084413387150813
2	Bacteroidota	HKBea1Aug	0.462801392870361
3	Proteobacteria	HKBea1Aug	0.298946605223904
4	Thermoplasmatota	HKBea1Aug	0.0481858572705605
5	Actinobacteriota	HKBea1Aug	0.011540901830401
6	Planctomycetota	HKBea1Aug	0.066402467068206
7	Verrucomicrobiota	HKBea1Aug	0.029352041971067
8	SAR324clade(MarinegroupB)	HKBea1Aug	0.0187000231072461
9	Crenarchaeota	HKBea1Aug	0.0139051453874394
10	Marinimicrobia(SAR406clade)	HKBea1Aug	0.00115077065275361
11	others	HKBea1Aug	0.0405734559029801
12	Cyanobacteria	HKBea1Feb	0.0135367536666871
13	Bacteroidota	HKBea1Feb	0.540569503561371
14	Proteobacteria	HKBea1Feb	0.131531050554397
15	Thermoplasmatota	HKBea1Feb	0.276164852856683
16	Actinobacteriota	HKBea1Feb	0.0119622685323054
17	Planctomycetota	HKBea1Feb	0.00734337103086906
18	Verrucomicrobiota	HKBea1Feb	0.00691119506090226
19	SAR324clade(MarinegroupB)	HKBea1Feb	0.00129470337044573
20	Crenarchaeota	HKBea1Feb	0.00388411011133719
21	Marinimicrobia(SAR406clade)	HKBea1Feb	0.00406906773568658
22	others	HKBea1Feb	0.00273312351931554
23	Cyanobacteria	HKBea1May	0.556836173067812
24	Bacteroidota	HKBea1May	0.131194974807557
25	Proteobacteria	HKBea1May	0.153234513459807
26	Thermoplasmatota	HKBea1May	0.0720379226548264
27	Actinobacteriota	HKBea1May	0.0544337866659694
28	Planctomycetota	HKBea1May	0.00952596020008566
29	Verrucomicrobiota	HKBea1May	0.00452577714554769
30	SAR324clade(MarinegroupB)	HKBea1May	0.00657456497344348
31	Crenarchaeota	HKBea1May	0.000526165641897463
32	Marinimicrobia(SAR406clade)	HKBea1May	0.00463025764869768
33	others	HKBea1May	0.00647990373435592
34	Cyanobacteria	HKBea1Nov	0.593426987363013
35	Bacteroidota	HKBea1Nov	0.0549837212836813
36	Proteobacteria	HKBea1Nov	0.138551017067966
37	Thermoplasmatota	HKBea1Nov	0.0549977121265158
38	Actinobacteriota	HKBea1Nov	0.0212942503906455
39	Planctomycetota	HKBea1Nov	0.0442749696328176
40	Verrucomicrobiota	HKBea1Nov	0.0146668504052683
41	SAR324clade(MarinegroupB)	HKBea1Nov	0.0441835863119222
42	Crenarchaeota	HKBea1Nov	0.00835905686953347
43	Marinimicrobia(SAR406clade)	HKBea1Nov	0.00953789822292921
44	others	HKBea1Nov	0.0157239503257082
45	Cyanobacteria	HKBea2Aug	0.0189712715358054
46	Bacteroidota	HKBea2Aug	0.410839708949618
47	Proteobacteria	HKBea2Aug	0.274457710616875
48	Thermoplasmatota	HKBea2Aug	0.0717434024320896
49	Actinobacteriota	HKBea2Aug	0.0095888462582364
50	Planctomycetota	HKBea2Aug	0.0877217590452435
51	Verrucomicrobiota	HKBea2Aug	0.0286927086961264
52	SAR324clade(MarinegroupB)	HKBea2Aug	0.0263408847636532
53	Crenarchaeota	HKBea2Aug	0.0179156752988082
54	Marinimicrobia(SAR406clade)	HKBea2Aug	0.000581048928609997
55	others	HKBea2Aug	0.0531469834749342
56	Cyanobacteria	HKBea2Feb	0.00513684381827373
57	Bacteroidota	HKBea2Feb	0.749165493542629
58	Proteobacteria	HKBea2Feb	0.0933880230059553
59	Thermoplasmatota	HKBea2Feb	0.0831024799642564
60	Actinobacteriota	HKBea2Feb	0.0177815204758519
61	Planctomycetota	HKBea2Feb	0.0309210038373684
62	Verrucomicrobiota	HKBea2Feb	0.0063791714389867
63	SAR324clade(MarinegroupB)	HKBea2Feb	0.000787649385521148
64	Crenarchaeota	HKBea2Feb	0.00275677284932402
65	Marinimicrobia(SAR406clade)	HKBea2Feb	0.00246140432975359
66	others	HKBea2Feb	0.00811963735208032
67	Cyanobacteria	HKBea2May	0.565888463189774
68	Bacteroidota	HKBea2May	0.112133790439252
69	Proteobacteria	HKBea2May	0.154484922797671
70	Thermoplasmatota	HKBea2May	0.0691738428604861
71	Actinobacteriota	HKBea2May	0.0631916782092677
72	Planctomycetota	HKBea2May	0.00818226718775201
73	Verrucomicrobiota	HKBea2May	0.00574484677702368
74	SAR324clade(MarinegroupB)	HKBea2May	0.00978327118461523
75	Crenarchaeota	HKBea2May	0.000529234144445503
76	Marinimicrobia(SAR406clade)	HKBea2May	0.00539818827334414
77	others	HKBea2May	0.00548949493636797
78	Cyanobacteria	HKBea2Nov	0.405462964386079
79	Bacteroidota	HKBea2Nov	0.104550630806556
80	Proteobacteria	HKBea2Nov	0.177711869221476
81	Thermoplasmatota	HKBea2Nov	0.118310421600298
82	Actinobacteriota	HKBea2Nov	0.0552165188581422
83	Planctomycetota	HKBea2Nov	0.0208481135044794
84	Verrucomicrobiota	HKBea2Nov	0.0130893241751969
85	SAR324clade(MarinegroupB)	HKBea2Nov	0.0363490148152129
86	Crenarchaeota	HKBea2Nov	0.0231433351979559
87	Marinimicrobia(SAR406clade)	HKBea2Nov	0.0209392080362459
88	others	HKBea2Nov	0.0243785993983584
89	Cyanobacteria	HKBea3Aug	0.00516500652256904
90	Bacteroidota	HKBea3Aug	0.454407316837519
91	Proteobacteria	HKBea3Aug	0.363909210020323
92	Thermoplasmatota	HKBea3Aug	0.0355220408483547
93	Actinobacteriota	HKBea3Aug	0.0114724192790448
94	Planctomycetota	HKBea3Aug	0.0462389917387193
95	Verrucomicrobiota	HKBea3Aug	0.019578193584215
96	SAR324clade(MarinegroupB)	HKBea3Aug	0.0172640494154291
97	Crenarchaeota	HKBea3Aug	0.0089695899197481
98	Marinimicrobia(SAR406clade)	HKBea3Aug	0.000385788813752607
99	others	HKBea3Aug	0.0370873930203257
100	Cyanobacteria	HKBea3Feb	0.00456919771374706
101	Bacteroidota	HKBea3Feb	0.489594868307686
102	Proteobacteria	HKBea3Feb	0.137396604706353
103	Thermoplasmatota	HKBea3Feb	0.31814920515568
104	Actinobacteriota	HKBea3Feb	0.0159384243540408
105	Planctomycetota	HKBea3Feb	0.00982943763151759
106	Verrucomicrobiota	HKBea3Feb	0.00799498014287968
107	SAR324clade(MarinegroupB)	HKBea3Feb	0.00185455671906546
108	Crenarchaeota	HKBea3Feb	0.00593458150100949
109	Marinimicrobia(SAR406clade)	HKBea3Feb	0.0065836763526824
110	others	HKBea3Feb	0.00215446741533742
111	Cyanobacteria	HKBea3May	0.344365369677452
112	Bacteroidota	HKBea3May	0.186341869619335
113	Proteobacteria	HKBea3May	0.20910024007493
114	Thermoplasmatota	HKBea3May	0.207328813417133
115	Actinobacteriota	HKBea3May	0.00755065575109433
116	Planctomycetota	HKBea3May	0.0089939305588429
117	Verrucomicrobiota	HKBea3May	0.00910473471128743
118	SAR324clade(MarinegroupB)	HKBea3May	0.0145710876737013
119	Crenarchaeota	HKBea3May	0.00273207893881899
120	Marinimicrobia(SAR406clade)	HKBea3May	0.00495821733341224
121	others	HKBea3May	0.0049530022439932
122	Cyanobacteria	HKBea3Nov	0.306800467400536
123	Bacteroidota	HKBea3Nov	0.103074746904236
124	Proteobacteria	HKBea3Nov	0.1347600383975
125	Thermoplasmatota	HKBea3Nov	0.10402105718487
126	Actinobacteriota	HKBea3Nov	0.11549957824332
127	Planctomycetota	HKBea3Nov	0.0629153242853885
128	Verrucomicrobiota	HKBea3Nov	0.0197497858703807
129	SAR324clade(MarinegroupB)	HKBea3Nov	0.0705566227129513
130	Crenarchaeota	HKBea3Nov	0.0285802356007673
131	Marinimicrobia(SAR406clade)	HKBea3Nov	0.0138231204866456
132	others	HKBea3Nov	0.0402190229134047
133	Cyanobacteria	HKSta1Aug	0.372721667339244
134	Bacteroidota	HKSta1Aug	0.293754332841359
135	Proteobacteria	HKSta1Aug	0.237413455322775
136	Thermoplasmatota	HKSta1Aug	0.00771451779388882
137	Actinobacteriota	HKSta1Aug	0.0120936010923574
138	Planctomycetota	HKSta1Aug	0.0287727087007787
139	Verrucomicrobiota	HKSta1Aug	0.0203883035480981
140	SAR324clade(MarinegroupB)	HKSta1Aug	0.0161383513115698
141	Crenarchaeota	HKSta1Aug	0.00142998049596188
142	Marinimicrobia(SAR406clade)	HKSta1Aug	0.00102141463997277
143	others	HKSta1Aug	0.00855166691399489
144	Cyanobacteria	HKSta1Feb	0.0234113773158106
145	Bacteroidota	HKSta1Feb	0.604154556683329
146	Proteobacteria	HKSta1Feb	0.178504908584932
147	Thermoplasmatota	HKSta1Feb	0.154798758209447
148	Actinobacteriota	HKSta1Feb	0.0123390564632567
149	Planctomycetota	HKSta1Feb	0.0135414085449216
150	Verrucomicrobiota	HKSta1Feb	0.0082025662333028
151	SAR324clade(MarinegroupB)	HKSta1Feb	0.000107692335676421
152	Crenarchaeota	HKSta1Feb	0.00183076970649916
153	Marinimicrobia(SAR406clade)	HKSta1Feb	0.0015076926994699
154	others	HKSta1Feb	0.00160121322335605
155	Cyanobacteria	HKSta1May	0.364959937160516
156	Bacteroidota	HKSta1May	0.206882824312346
157	Proteobacteria	HKSta1May	0.145422823746657
158	Thermoplasmatota	HKSta1May	0.122642582845648
159	Actinobacteriota	HKSta1May	0.115718814704772
160	Planctomycetota	HKSta1May	0.0153732082419821
161	Verrucomicrobiota	HKSta1May	0.00303265011500157
162	SAR324clade(MarinegroupB)	HKSta1May	0.00885065043397348
163	Crenarchaeota	HKSta1May	0.000696864281584063
164	Marinimicrobia(SAR406clade)	HKSta1May	0.00686909077561434
165	others	HKSta1May	0.00955055338190391
166	Cyanobacteria	HKSta1Nov	0.344615357174195
167	Bacteroidota	HKSta1Nov	0.145981497065915
168	Proteobacteria	HKSta1Nov	0.280005434255825
169	Thermoplasmatota	HKSta1Nov	0.0767895095012567
170	Actinobacteriota	HKSta1Nov	0.062188837105699
171	Planctomycetota	HKSta1Nov	0.0331981091399637
172	Verrucomicrobiota	HKSta1Nov	0.0189396621532048
173	SAR324clade(MarinegroupB)	HKSta1Nov	0.0106717728584988
174	Crenarchaeota	HKSta1Nov	0.00933287884707582
175	Marinimicrobia(SAR406clade)	HKSta1Nov	0.000354413120775031
176	others	HKSta1Nov	0.0179225287775908
177	Cyanobacteria	HKSta2Aug	0.417793155910411
178	Bacteroidota	HKSta2Aug	0.278094679399107
179	Proteobacteria	HKSta2Aug	0.221451899516027
180	Thermoplasmatota	HKSta2Aug	0.00689427137920207
181	Actinobacteriota	HKSta2Aug	0.00695296318165109
182	Planctomycetota	HKSta2Aug	0.0276503516859637
183	Verrucomicrobiota	HKSta2Aug	0.018938502948091
184	SAR324clade(MarinegroupB)	HKSta2Aug	0.0133033485386964
185	Crenarchaeota	HKSta2Aug	0
186	Marinimicrobia(SAR406clade)	HKSta2Aug	0.000203104557842693
187	others	HKSta2Aug	0.00871772288300854
188	Cyanobacteria	HKSta2Feb	0.00171457438941695
189	Bacteroidota	HKSta2Feb	0.624957150155203
190	Proteobacteria	HKSta2Feb	0.212872257008283
191	Thermoplasmatota	HKSta2Feb	0.133877212111576
192	Actinobacteriota	HKSta2Feb	0.0094695170603654
193	Planctomycetota	HKSta2Feb	0.00420221613501605
194	Verrucomicrobiota	HKSta2Feb	0.010300309787257
195	SAR324clade(MarinegroupB)	HKSta2Feb	0.000191846972170434
196	Crenarchaeota	HKSta2Feb	0.000287770458255651
197	Marinimicrobia(SAR406clade)	HKSta2Feb	0.00115108183302261
198	others	HKSta2Feb	0.000976064089434181
199	Cyanobacteria	HKSta2May	0.482313195472873
200	Bacteroidota	HKSta2May	0.155505281433885
201	Proteobacteria	HKSta2May	0.142473785063005
202	Thermoplasmatota	HKSta2May	0.0675253029911717
203	Actinobacteriota	HKSta2May	0.116638901858283
204	Planctomycetota	HKSta2May	0.00979871922154112
205	Verrucomicrobiota	HKSta2May	0.00475865396988682
206	SAR324clade(MarinegroupB)	HKSta2May	0.00786175014246868
207	Crenarchaeota	HKSta2May	0.000822399765796355
208	Marinimicrobia(SAR406clade)	HKSta2May	0.00709319797999356
209	others	HKSta2May	0.00520881210109647
210	Cyanobacteria	HKSta2Nov	0.568096514023098
211	Bacteroidota	HKSta2Nov	0.140570213493752
212	Proteobacteria	HKSta2Nov	0.107531469699067
213	Thermoplasmatota	HKSta2Nov	0.0409738732732532
214	Actinobacteriota	HKSta2Nov	0.0507801269899065
215	Planctomycetota	HKSta2Nov	0.0284888855995562
216	Verrucomicrobiota	HKSta2Nov	0.0122504023267433
217	SAR324clade(MarinegroupB)	HKSta2Nov	0.0273251471652099
218	Crenarchaeota	HKSta2Nov	0.00697912898542353
219	Marinimicrobia(SAR406clade)	HKSta2Nov	0.00287375899399793
220	others	HKSta2Nov	0.0141304794499924
221	Cyanobacteria	HKSta3Aug	0.00653561803686866
222	Bacteroidota	HKSta3Aug	0.416690055620137
223	Proteobacteria	HKSta3Aug	0.3135339380359
224	Thermoplasmatota	HKSta3Aug	0.0600904170810435
225	Actinobacteriota	HKSta3Aug	0.0116817506039807
226	Planctomycetota	HKSta3Aug	0.0804184506001225
227	Verrucomicrobiota	HKSta3Aug	0.0446901535671502
228	SAR324clade(MarinegroupB)	HKSta3Aug	0.0187730473201272
229	Crenarchaeota	HKSta3Aug	0.0137410964920519
230	Marinimicrobia(SAR406clade)	HKSta3Aug	0.00164506084764001
231	others	HKSta3Aug	0.0322004117949791
232	Cyanobacteria	HKSta3Feb	0.00225242174168531
233	Bacteroidota	HKSta3Feb	0.773722659369766
234	Proteobacteria	HKSta3Feb	0.131726543215837
235	Thermoplasmatota	HKSta3Feb	0.063485770911593
236	Actinobacteriota	HKSta3Feb	0.00610287402655599
237	Planctomycetota	HKSta3Feb	0.00984996131928673
238	Verrucomicrobiota	HKSta3Feb	0.0095765807877061
239	SAR324clade(MarinegroupB)	HKSta3Feb	9.51533266567964e-05
240	Crenarchaeota	HKSta3Feb	0.000856379939911168
241	Marinimicrobia(SAR406clade)	HKSta3Feb	0.000761226613254372
242	others	HKSta3Feb	0.00157042874774738
243	Cyanobacteria	HKSta3May	0.612711867683669
244	Bacteroidota	HKSta3May	0.120125500760584
245	Proteobacteria	HKSta3May	0.104156959564541
246	Thermoplasmatota	HKSta3May	0.0501863660925588
247	Actinobacteriota	HKSta3May	0.0841853317167516
248	Planctomycetota	HKSta3May	0.00918884283445378
249	Verrucomicrobiota	HKSta3May	0.00319593283754609
250	SAR324clade(MarinegroupB)	HKSta3May	0.00584155161183704
251	Crenarchaeota	HKSta3May	0.0006317901313656
252	Marinimicrobia(SAR406clade)	HKSta3May	0.0049490226956972
253	others	HKSta3May	0.00482683407099505
254	Cyanobacteria	HKSta3Nov	0.605953472300515
255	Bacteroidota	HKSta3Nov	0.128516683343308
256	Proteobacteria	HKSta3Nov	0.117368601033248
257	Thermoplasmatota	HKSta3Nov	0.0293718438237293
258	Actinobacteriota	HKSta3Nov	0.0475403122419646
259	Planctomycetota	HKSta3Nov	0.0164350322890539
260	Verrucomicrobiota	HKSta3Nov	0.00993939141307201
261	SAR324clade(MarinegroupB)	HKSta3Nov	0.022326276617252
262	Crenarchaeota	HKSta3Nov	0.00524834114394832
263	Marinimicrobia(SAR406clade)	HKSta3Nov	0.00195526434774545
264	others	HKSta3Nov	0.0153447814461635
265	Cyanobacteria	HKSW1Aug	0.00228416832769028
266	Bacteroidota	HKSW1Aug	0.346421221907415
267	Proteobacteria	HKSW1Aug	0.256718090038373
268	Thermoplasmatota	HKSW1Aug	0.106162174516833
269	Actinobacteriota	HKSW1Aug	0.0131103020524227
270	Planctomycetota	HKSW1Aug	0.130438950208562
271	Verrucomicrobiota	HKSW1Aug	0.0435925490022638
272	SAR324clade(MarinegroupB)	HKSW1Aug	0.0377591014514589
273	Crenarchaeota	HKSW1Aug	0.0351268563983524
274	Marinimicrobia(SAR406clade)	HKSW1Aug	0.00181534141593552
275	others	HKSW1Aug	0.0265712446806932
276	Cyanobacteria	HKSW1Feb	0.000228963408839636
277	Bacteroidota	HKSW1Feb	0.530955589009532
278	Proteobacteria	HKSW1Feb	0.259709044585876
279	Thermoplasmatota	HKSW1Feb	0.183349204063934
280	Actinobacteriota	HKSW1Feb	0.00612130151098147
281	Planctomycetota	HKSW1Feb	0.00667604523730813
282	Verrucomicrobiota	HKSW1Feb	0.00932883012650544
283	SAR324clade(MarinegroupB)	HKSW1Feb	0.000379163405069529
284	Crenarchaeota	HKSW1Feb	0.00142186276901073
285	Marinimicrobia(SAR406clade)	HKSW1Feb	0.00104269936394121
286	others	HKSW1Feb	0.000787296519001668
287	Cyanobacteria	HKSW1May	0.423103592858955
288	Bacteroidota	HKSW1May	0.216541063764094
289	Proteobacteria	HKSW1May	0.243565040699929
290	Thermoplasmatota	HKSW1May	0.0847861452473605
291	Actinobacteriota	HKSW1May	0.00907449916422436
292	Planctomycetota	HKSW1May	0.0068063947420086
293	Verrucomicrobiota	HKSW1May	0.00517508507271138
294	SAR324clade(MarinegroupB)	HKSW1May	0.00445188222521288
295	Crenarchaeota	HKSW1May	0.00172377652300584
296	Marinimicrobia(SAR406clade)	HKSW1May	0.000811188952002747
297	others	HKSW1May	0.00396133075049543
298	Cyanobacteria	HKSW1Nov	0.548822876357659
299	Bacteroidota	HKSW1Nov	0.154557669937229
300	Proteobacteria	HKSW1Nov	0.0965157781892596
301	Thermoplasmatota	HKSW1Nov	0.0341107791917834
302	Actinobacteriota	HKSW1Nov	0.0761136216247598
303	Planctomycetota	HKSW1Nov	0.0375431760222364
304	Verrucomicrobiota	HKSW1Nov	0.00780158161120437
305	SAR324clade(MarinegroupB)	HKSW1Nov	0.0189916737229385
306	Crenarchaeota	HKSW1Nov	0.0060215170849823
307	Marinimicrobia(SAR406clade)	HKSW1Nov	0.00190681374357773
308	others	HKSW1Nov	0.0176145125143706
309	Cyanobacteria	HKSW2Aug	0.0068682873849144
310	Bacteroidota	HKSW2Aug	0.333581400444097
311	Proteobacteria	HKSW2Aug	0.221094353417698
312	Thermoplasmatota	HKSW2Aug	0.136623965110815
313	Actinobacteriota	HKSW2Aug	0.00911977193446987
314	Planctomycetota	HKSW2Aug	0.157430766351599
315	Verrucomicrobiota	HKSW2Aug	0.0337324294103821
316	SAR324clade(MarinegroupB)	HKSW2Aug	0.0264539833244716
317	Crenarchaeota	HKSW2Aug	0.0276941502525507
318	Marinimicrobia(SAR406clade)	HKSW2Aug	0.00403490930831864
319	others	HKSW2Aug	0.0433659830606833
320	Cyanobacteria	HKSW2Feb	0.00099961196744195
321	Bacteroidota	HKSW2Feb	0.62837609651761
322	Proteobacteria	HKSW2Feb	0.215054513482255
323	Thermoplasmatota	HKSW2Feb	0.129215068169208
324	Actinobacteriota	HKSW2Feb	0.00758067190270491
325	Planctomycetota	HKSW2Feb	0.00772256821889898
326	Verrucomicrobiota	HKSW2Feb	0.00672996117477509
327	SAR324clade(MarinegroupB)	HKSW2Feb	0.000564326392723541
328	Crenarchaeota	HKSW2Feb	0.00169297917817062
329	Marinimicrobia(SAR406clade)	HKSW2Feb	0.00150487038059611
330	others	HKSW2Feb	0.000559332615615804
331	Cyanobacteria	HKSW2May	0.381849283307434
332	Bacteroidota	HKSW2May	0.341545116200589
333	Proteobacteria	HKSW2May	0.124960728697559
334	Thermoplasmatota	HKSW2May	0.082874752508755
335	Actinobacteriota	HKSW2May	0.0265894146376715
336	Planctomycetota	HKSW2May	0.0133289828267753
337	Verrucomicrobiota	HKSW2May	0.00499284319524174
338	SAR324clade(MarinegroupB)	HKSW2May	0.00738541242002824
339	Crenarchaeota	HKSW2May	0.00170985229176316
340	Marinimicrobia(SAR406clade)	HKSW2May	0.0061353523410325
341	others	HKSW2May	0.00862826157315089
342	Cyanobacteria	HKSW2Nov	0.05451692118504
343	Bacteroidota	HKSW2Nov	0.0299373110122369
344	Proteobacteria	HKSW2Nov	0.828887124089617
345	Thermoplasmatota	HKSW2Nov	0.0250175006128112
346	Actinobacteriota	HKSW2Nov	0
347	Planctomycetota	HKSW2Nov	0.0195512867011112
348	Verrucomicrobiota	HKSW2Nov	0.0228784827825153
349	SAR324clade(MarinegroupB)	HKSW2Nov	0.00868077129530205
350	Crenarchaeota	HKSW2Nov	0.00217019282382551
351	Marinimicrobia(SAR406clade)	HKSW2Nov	0.00629355918909398
352	others	HKSW2Nov	0.00206685030844656
353	Cyanobacteria	HKSW3Aug	0.00907110522124661
354	Bacteroidota	HKSW3Aug	0.260471919101168
355	Proteobacteria	HKSW3Aug	0.186428881646606
356	Thermoplasmatota	HKSW3Aug	0.172603337065685
357	Actinobacteriota	HKSW3Aug	0.0173299688381901
358	Planctomycetota	HKSW3Aug	0.166694350442736
359	Verrucomicrobiota	HKSW3Aug	0.0286867800051464
360	SAR324clade(MarinegroupB)	HKSW3Aug	0.0357759568549749
361	Crenarchaeota	HKSW3Aug	0.085882245871258
362	Marinimicrobia(SAR406clade)	HKSW3Aug	0.00392754173191729
363	others	HKSW3Aug	0.0331279132210714
364	Cyanobacteria	HKSW3Feb	0.00315488207164028
365	Bacteroidota	HKSW3Feb	0.545993642506235
366	Proteobacteria	HKSW3Feb	0.335262315944155
367	Thermoplasmatota	HKSW3Feb	0.0796092021291544
368	Actinobacteriota	HKSW3Feb	0.00766003533752314
369	Planctomycetota	HKSW3Feb	0.0066240295640177
370	Verrucomicrobiota	HKSW3Feb	0.0184046914931211
371	SAR324clade(MarinegroupB)	HKSW3Feb	0
372	Crenarchaeota	HKSW3Feb	0.000502354299156836
373	Marinimicrobia(SAR406clade)	HKSW3Feb	0.00231082977612144
374	others	HKSW3Feb	0.000478016878874499
375	Cyanobacteria	HKSW3May	0.687764954568352
376	Bacteroidota	HKSW3May	0.108762086688378
377	Proteobacteria	HKSW3May	0.08721204288983
378	Thermoplasmatota	HKSW3May	0.0953323148913937
379	Actinobacteriota	HKSW3May	0.00492927831576422
380	Planctomycetota	HKSW3May	0.00406272259362292
381	Verrucomicrobiota	HKSW3May	0.00294339752626328
382	SAR324clade(MarinegroupB)	HKSW3May	0.00348728434749273
383	Crenarchaeota	HKSW3May	0.000322139169891893
384	Marinimicrobia(SAR406clade)	HKSW3May	0.00161069584945947
385	others	HKSW3May	0.00357308315955185
386	Cyanobacteria	HKSW3Nov	0.596003144976568
387	Bacteroidota	HKSW3Nov	0.133305524932871
388	Proteobacteria	HKSW3Nov	0.13510037705636
389	Thermoplasmatota	HKSW3Nov	0.0620835617364768
390	Actinobacteriota	HKSW3Nov	0.0104492288068438
391	Planctomycetota	HKSW3Nov	0.0149667732054723
392	Verrucomicrobiota	HKSW3Nov	0.0137038402041396
393	SAR324clade(MarinegroupB)	HKSW3Nov	0.0157217221893248
394	Crenarchaeota	HKSW3Nov	0.0114389771435639
395	Marinimicrobia(SAR406clade)	HKSW3Nov	0.000944502699927298
396	others	HKSW3Nov	0.00628234704845221
397	Cyanobacteria	LTCC1Aug	0.0353345077965093
398	Bacteroidota	LTCC1Aug	0.48580178871329
399	Proteobacteria	LTCC1Aug	0.233756083018427
400	Thermoplasmatota	LTCC1Aug	0.0451972415961177
401	Actinobacteriota	LTCC1Aug	0.00979915127637614
402	Planctomycetota	LTCC1Aug	0.134945628285975
403	Verrucomicrobiota	LTCC1Aug	0.0153143875330889
404	SAR324clade(MarinegroupB)	LTCC1Aug	0.00902877600630557
405	Crenarchaeota	LTCC1Aug	0.00624330255755172
406	Marinimicrobia(SAR406clade)	LTCC1Aug	0.000480254042888594
407	others	LTCC1Aug	0.0240988791734704
408	Cyanobacteria	LTCC1Feb	0
409	Bacteroidota	LTCC1Feb	0.530427720380956
410	Proteobacteria	LTCC1Feb	0.416274559916796
411	Thermoplasmatota	LTCC1Feb	0.00981046309237995
412	Actinobacteriota	LTCC1Feb	0.000431800311360574
413	Planctomycetota	LTCC1Feb	0.00124965066336853
414	Verrucomicrobiota	LTCC1Feb	0.0406441638633299
415	SAR324clade(MarinegroupB)	LTCC1Feb	0
416	Crenarchaeota	LTCC1Feb	0.000374226936543683
417	Marinimicrobia(SAR406clade)	LTCC1Feb	9.35567341359207e-05
418	others	LTCC1Feb	0.000693858101129208
419	Cyanobacteria	LTCC1May	0.176888880897083
420	Bacteroidota	LTCC1May	0.335636897837226
421	Proteobacteria	LTCC1May	0.385705297560787
422	Thermoplasmatota	LTCC1May	0.0846086796525103
423	Actinobacteriota	LTCC1May	0.00587139267884704
424	Planctomycetota	LTCC1May	0.00284422684511453
425	Verrucomicrobiota	LTCC1May	0.00204602972059621
426	SAR324clade(MarinegroupB)	LTCC1May	0.00133945139281475
427	Crenarchaeota	LTCC1May	0.000861075895380914
428	Marinimicrobia(SAR406clade)	LTCC1May	0.00114810119384122
429	others	LTCC1May	0.00304996632579879
430	Cyanobacteria	LTCC1Nov	0.365877234655074
431	Bacteroidota	LTCC1Nov	0.195428349982405
432	Proteobacteria	LTCC1Nov	0.188826934787193
433	Thermoplasmatota	LTCC1Nov	0.131293442385845
434	Actinobacteriota	LTCC1Nov	0.0184903113819902
435	Planctomycetota	LTCC1Nov	0.0171766901084179
436	Verrucomicrobiota	LTCC1Nov	0.00812891796546375
437	SAR324clade(MarinegroupB)	LTCC1Nov	0.0263255230301674
438	Crenarchaeota	LTCC1Nov	0.034705360863897
439	Marinimicrobia(SAR406clade)	LTCC1Nov	0.00357261067716586
440	others	LTCC1Nov	0.0101746241623807
441	Cyanobacteria	LTCC2Aug	0.065516154777989
442	Bacteroidota	LTCC2Aug	0.291757884990029
443	Proteobacteria	LTCC2Aug	0.46944230639394
444	Thermoplasmatota	LTCC2Aug	0.0193465294002348
445	Actinobacteriota	LTCC2Aug	0.023681076729891
446	Planctomycetota	LTCC2Aug	0.0651717001616352
447	Verrucomicrobiota	LTCC2Aug	0.0177452144422204
448	SAR324clade(MarinegroupB)	LTCC2Aug	0.0209864351566629
449	Crenarchaeota	LTCC2Aug	0.00804153122825401
450	Marinimicrobia(SAR406clade)	LTCC2Aug	0.00147101181004647
451	others	LTCC2Aug	0.016840154909097
452	Cyanobacteria	LTCC2Feb	0.00176782449361919
453	Bacteroidota	LTCC2Feb	0.52343639247409
454	Proteobacteria	LTCC2Feb	0.411442287121872
455	Thermoplasmatota	LTCC2Feb	0.0276930840158831
456	Actinobacteriota	LTCC2Feb	0.00129197635041884
457	Planctomycetota	LTCC2Feb	0.00157069328121171
458	Verrucomicrobiota	LTCC2Feb	0.0316631106147136
459	SAR324clade(MarinegroupB)	LTCC2Feb	9.38306846620479e-05
460	Crenarchaeota	LTCC2Feb	0.000187661369324096
461	Marinimicrobia(SAR406clade)	LTCC2Feb	0
462	others	LTCC2Feb	0.000853139594205854
463	Cyanobacteria	LTCC2May	0.335681983755202
464	Bacteroidota	LTCC2May	0.269259197823144
465	Proteobacteria	LTCC2May	0.321581180480597
466	Thermoplasmatota	LTCC2May	0.0651965860776784
467	Actinobacteriota	LTCC2May	0.00430222027000946
468	Planctomycetota	LTCC2May	0.00122689602255561
469	Verrucomicrobiota	LTCC2May	0.00101290607271216
470	SAR324clade(MarinegroupB)	LTCC2May	0.000487734736541833
471	Crenarchaeota	LTCC2May	0.000487734736541833
472	Marinimicrobia(SAR406clade)	LTCC2May	0
473	others	LTCC2May	0.000763560025017318
474	Cyanobacteria	LTCC2Nov	0.439195086669583
475	Bacteroidota	LTCC2Nov	0.146531038613308
476	Proteobacteria	LTCC2Nov	0.176519432070975
477	Thermoplasmatota	LTCC2Nov	0.122790236552443
478	Actinobacteriota	LTCC2Nov	0.022535459930571
479	Planctomycetota	LTCC2Nov	0.0113726169516524
480	Verrucomicrobiota	LTCC2Nov	0.00934606255612242
481	SAR324clade(MarinegroupB)	LTCC2Nov	0.0283566992795605
482	Crenarchaeota	LTCC2Nov	0.027634892388808
483	Marinimicrobia(SAR406clade)	LTCC2Nov	0.00484641769505216
484	others	LTCC2Nov	0.0108720572919243
485	Cyanobacteria	LTCC3Aug	0.0798999712013051
486	Bacteroidota	LTCC3Aug	0.360407569601818
487	Proteobacteria	LTCC3Aug	0.427521657673082
488	Thermoplasmatota	LTCC3Aug	0.0132430766297834
489	Actinobacteriota	LTCC3Aug	0.027443034507264
490	Planctomycetota	LTCC3Aug	0.0510738936972228
491	Verrucomicrobiota	LTCC3Aug	0.0120949722468118
492	SAR324clade(MarinegroupB)	LTCC3Aug	0.0103954390996021
493	Crenarchaeota	LTCC3Aug	0.00330469435165237
494	Marinimicrobia(SAR406clade)	LTCC3Aug	0.000388787570782632
495	others	LTCC3Aug	0.0142269034206759
496	Cyanobacteria	LTCC3Feb	0.00453766447747092
497	Bacteroidota	LTCC3Feb	0.694129258569665
498	Proteobacteria	LTCC3Feb	0.267490068422054
499	Thermoplasmatota	LTCC3Feb	0.00670078975923206
500	Actinobacteriota	LTCC3Feb	0.00108754028397087
501	Planctomycetota	LTCC3Feb	0.00118326967609232
502	Verrucomicrobiota	LTCC3Feb	0.0240254673197544
503	SAR324clade(MarinegroupB)	LTCC3Feb	0
504	Crenarchaeota	LTCC3Feb	0
505	Marinimicrobia(SAR406clade)	LTCC3Feb	0
506	others	LTCC3Feb	0.000845941491760316
507	Cyanobacteria	LTCC3May	0.159784504354291
508	Bacteroidota	LTCC3May	0.345520834332611
509	Proteobacteria	LTCC3May	0.39274172733386
510	Thermoplasmatota	LTCC3May	0.0929665450730732
511	Actinobacteriota	LTCC3May	0.00239187814038845
512	Planctomycetota	LTCC3May	0.000869704697185786
513	Verrucomicrobiota	LTCC3May	0.000746583674869885
514	SAR324clade(MarinegroupB)	LTCC3May	0.00207296105456361
515	Crenarchaeota	LTCC3May	0.00047112751240082
516	Marinimicrobia(SAR406clade)	LTCC3May	0.00047112751240082
517	others	LTCC3May	0.00196300631435464
518	Cyanobacteria	LTCC3Nov	0.297707180504025
519	Bacteroidota	LTCC3Nov	0.217959687367154
520	Proteobacteria	LTCC3Nov	0.229518394504259
521	Thermoplasmatota	LTCC3Nov	0.113431434144122
522	Actinobacteriota	LTCC3Nov	0.0196199427750864
523	Planctomycetota	LTCC3Nov	0.0205403006260666
524	Verrucomicrobiota	LTCC3Nov	0.0115177514908973
525	SAR324clade(MarinegroupB)	LTCC3Nov	0.0296543669593268
526	Crenarchaeota	LTCC3Nov	0.0366502915588863
527	Marinimicrobia(SAR406clade)	LTCC3Nov	0.00532525603847066
528	others	LTCC3Nov	0.0180753940317055
529	Cyanobacteria	LTCMW1Aug	0.0370504009067791
530	Bacteroidota	LTCMW1Aug	0.339019263947671
531	Proteobacteria	LTCMW1Aug	0.495215205196882
532	Thermoplasmatota	LTCMW1Aug	0.00254228986504877
533	Actinobacteriota	LTCMW1Aug	0.0103317454884674
534	Planctomycetota	LTCMW1Aug	0.0748011360981359
535	Verrucomicrobiota	LTCMW1Aug	0.013618209078463
536	SAR324clade(MarinegroupB)	LTCMW1Aug	0.00771756750518027
537	Crenarchaeota	LTCMW1Aug	0
538	Marinimicrobia(SAR406clade)	LTCMW1Aug	0
539	others	LTCMW1Aug	0.0197041819133728
540	Cyanobacteria	LTCMW1Feb	0.00146641380678292
541	Bacteroidota	LTCMW1Feb	0.480406956145242
542	Proteobacteria	LTCMW1Feb	0.456713393446606
543	Thermoplasmatota	LTCMW1Feb	0.0328711548035607
544	Actinobacteriota	LTCMW1Feb	0.00291872748051643
545	Planctomycetota	LTCMW1Feb	0.000390688987761705
546	Verrucomicrobiota	LTCMW1Feb	0.0206009227923818
547	SAR324clade(MarinegroupB)	LTCMW1Feb	0
548	Crenarchaeota	LTCMW1Feb	0.000758869144915301
549	Marinimicrobia(SAR406clade)	LTCMW1Feb	0
550	others	LTCMW1Feb	0.00387287339223341
551	Cyanobacteria	LTCMW1May	0.199911437662636
552	Bacteroidota	LTCMW1May	0.293317752252715
553	Proteobacteria	LTCMW1May	0.383699704121654
554	Thermoplasmatota	LTCMW1May	0.112289382082852
555	Actinobacteriota	LTCMW1May	0.00465701002007511
556	Planctomycetota	LTCMW1May	0.00106921704764054
557	Verrucomicrobiota	LTCMW1May	0.00164146740262892
558	SAR324clade(MarinegroupB)	LTCMW1May	0.00172974657893995
559	Crenarchaeota	LTCMW1May	0
560	Marinimicrobia(SAR406clade)	LTCMW1May	0.000288291096489992
561	others	LTCMW1May	0.001395991734369
562	Cyanobacteria	LTCMW1Nov	0.245051628018903
563	Bacteroidota	LTCMW1Nov	0.28404568241949
564	Proteobacteria	LTCMW1Nov	0.253867889689585
565	Thermoplasmatota	LTCMW1Nov	0.124232090451033
566	Actinobacteriota	LTCMW1Nov	0.0294826094864131
567	Planctomycetota	LTCMW1Nov	0.0124970054647713
568	Verrucomicrobiota	LTCMW1Nov	0.00934634645158112
569	SAR324clade(MarinegroupB)	LTCMW1Nov	0.0104206774267003
570	Crenarchaeota	LTCMW1Nov	0.0140988456638055
571	Marinimicrobia(SAR406clade)	LTCMW1Nov	0.00976848592420809
572	others	LTCMW1Nov	0.0071887390035098
573	Cyanobacteria	LTCMW2Aug	0.0450341862375595
574	Bacteroidota	LTCMW2Aug	0.292107429746554
575	Proteobacteria	LTCMW2Aug	0.460518219185879
576	Thermoplasmatota	LTCMW2Aug	0.0260241977480063
577	Actinobacteriota	LTCMW2Aug	0.0287222099252397
578	Planctomycetota	LTCMW2Aug	0.0766030437282223
579	Verrucomicrobiota	LTCMW2Aug	0.020386149882649
580	SAR324clade(MarinegroupB)	LTCMW2Aug	0.0250166721012136
581	Crenarchaeota	LTCMW2Aug	0.00292619818460852
582	Marinimicrobia(SAR406clade)	LTCMW2Aug	0.000195079878973901
583	others	LTCMW2Aug	0.0224666133810935
584	Cyanobacteria	LTCMW2Feb	0.00280981556971586
585	Bacteroidota	LTCMW2Feb	0.514756164999706
586	Proteobacteria	LTCMW2Feb	0.417063715222551
587	Thermoplasmatota	LTCMW2Feb	0.0307899359793022
588	Actinobacteriota	LTCMW2Feb	0.00322721314093737
589	Planctomycetota	LTCMW2Feb	0.00199506664456625
590	Verrucomicrobiota	LTCMW2Feb	0.0267332418523058
591	SAR324clade(MarinegroupB)	LTCMW2Feb	0.00038139791672558
592	Crenarchaeota	LTCMW2Feb	0.000476747395906975
593	Marinimicrobia(SAR406clade)	LTCMW2Feb	0
594	others	LTCMW2Feb	0.00176670127828327
595	Cyanobacteria	LTCMW2May	0.0138002608612276
596	Bacteroidota	LTCMW2May	0.553299190091076
597	Proteobacteria	LTCMW2May	0.405184428775641
598	Thermoplasmatota	LTCMW2May	0.0187898528056446
599	Actinobacteriota	LTCMW2May	0.00276257314702202
600	Planctomycetota	LTCMW2May	0.00122334837626589
601	Verrucomicrobiota	LTCMW2May	0.000560426358175673
602	SAR324clade(MarinegroupB)	LTCMW2May	0.000485316904232805
603	Crenarchaeota	LTCMW2May	0.000194126761693122
604	Marinimicrobia(SAR406clade)	LTCMW2May	0
605	others	LTCMW2May	0.00370047591902156
606	Cyanobacteria	LTCMW2Nov	0.410599581556434
607	Bacteroidota	LTCMW2Nov	0.21640810030855
608	Proteobacteria	LTCMW2Nov	0.215682278467173
609	Thermoplasmatota	LTCMW2Nov	0.0807998432297999
610	Actinobacteriota	LTCMW2Nov	0.0245531149284112
611	Planctomycetota	LTCMW2Nov	0.00686170766610773
612	Verrucomicrobiota	LTCMW2Nov	0.00725388190397697
613	SAR324clade(MarinegroupB)	LTCMW2Nov	0.0126478334701602
614	Crenarchaeota	LTCMW2Nov	0.0135808703654999
615	Marinimicrobia(SAR406clade)	LTCMW2Nov	0.00777530746116404
616	others	LTCMW2Nov	0.00383748064272293
617	Cyanobacteria	LTCMW3Aug	0.0140845926027598
618	Bacteroidota	LTCMW3Aug	0.356903468811653
619	Proteobacteria	LTCMW3Aug	0.455072236373741
620	Thermoplasmatota	LTCMW3Aug	0.028999134676935
621	Actinobacteriota	LTCMW3Aug	0.0203498296403948
622	Planctomycetota	LTCMW3Aug	0.046329527256431
623	Verrucomicrobiota	LTCMW3Aug	0.0326087728252054
624	SAR324clade(MarinegroupB)	LTCMW3Aug	0.0274196960420652
625	Crenarchaeota	LTCMW3Aug	0.00346354055268192
626	Marinimicrobia(SAR406clade)	LTCMW3Aug	0.00038483783918688
627	others	LTCMW3Aug	0.0143843633789466
628	Cyanobacteria	LTCMW3Feb	0.00196108060392285
629	Bacteroidota	LTCMW3Feb	0.480169773636578
630	Proteobacteria	LTCMW3Feb	0.448816737387035
631	Thermoplasmatota	LTCMW3Feb	0.0417613254756081
632	Actinobacteriota	LTCMW3Feb	0.00101667470313917
633	Planctomycetota	LTCMW3Feb	0.00129877127330849
634	Verrucomicrobiota	LTCMW3Feb	0.0208857537578025
635	SAR324clade(MarinegroupB)	LTCMW3Feb	0.000566433048851361
636	Crenarchaeota	LTCMW3Feb	0.00103846058956083
637	Marinimicrobia(SAR406clade)	LTCMW3Feb	0
638	others	LTCMW3Feb	0.00248498952419396
639	Cyanobacteria	LTCMW3May	0.0230032159676506
640	Bacteroidota	LTCMW3May	0.455655079968467
641	Proteobacteria	LTCMW3May	0.344233739356449
642	Thermoplasmatota	LTCMW3May	0.153628542643708
643	Actinobacteriota	LTCMW3May	0.012283846804473
644	Planctomycetota	LTCMW3May	0.00181736080967839
645	Verrucomicrobiota	LTCMW3May	0.00104454146749779
646	SAR324clade(MarinegroupB)	LTCMW3May	0.00145172734945457
647	Crenarchaeota	LTCMW3May	0.000725863674727286
648	Marinimicrobia(SAR406clade)	LTCMW3May	0.000544397756045464
649	others	LTCMW3May	0.00561168420184976
650	Cyanobacteria	LTCMW3Nov	0.295189221190116
651	Bacteroidota	LTCMW3Nov	0.283078227352684
652	Proteobacteria	LTCMW3Nov	0.243446925025929
653	Thermoplasmatota	LTCMW3Nov	0.0906795413642931
654	Actinobacteriota	LTCMW3Nov	0.0254248697050261
655	Planctomycetota	LTCMW3Nov	0.0174803058051108
656	Verrucomicrobiota	LTCMW3Nov	0.00860143964565939
657	SAR324clade(MarinegroupB)	LTCMW3Nov	0.0144404502571866
658	Crenarchaeota	LTCMW3Nov	0.00931972321563107
659	Marinimicrobia(SAR406clade)	LTCMW3Nov	0.00727143239900886
660	others	LTCMW3Nov	0.00506786403935489
661	Cyanobacteria	LTPC1Aug	0.030276177250131
662	Bacteroidota	LTPC1Aug	0.345001935679021
663	Proteobacteria	LTPC1Aug	0.446421586444956
664	Thermoplasmatota	LTPC1Aug	0.0399406426066756
665	Actinobacteriota	LTPC1Aug	0.04327206864891
666	Planctomycetota	LTPC1Aug	0.0331186398642094
667	Verrucomicrobiota	LTPC1Aug	0.0175845672517014
668	SAR324clade(MarinegroupB)	LTPC1Aug	0.0197138805819236
669	Crenarchaeota	LTPC1Aug	0.0127899810604675
670	Marinimicrobia(SAR406clade)	LTPC1Aug	0.00355811503185939
671	others	LTPC1Aug	0.00832240558014585
672	Cyanobacteria	LTPC1Feb	0.00148054694361808
673	Bacteroidota	LTPC1Feb	0.405957030253531
674	Proteobacteria	LTPC1Feb	0.500148573757463
675	Thermoplasmatota	LTPC1Feb	0.0434041404131902
676	Actinobacteriota	LTPC1Feb	0.00442921666016416
677	Planctomycetota	LTPC1Feb	0.00110560323729228
678	Verrucomicrobiota	LTPC1Feb	0.041749036261264
679	SAR324clade(MarinegroupB)	LTPC1Feb	0
680	Crenarchaeota	LTPC1Feb	0.00074296537513351
681	Marinimicrobia(SAR406clade)	LTPC1Feb	0.000278612015675066
682	others	LTPC1Feb	0.000704275082669459
683	Cyanobacteria	LTPC1May	0.409697497133994
684	Bacteroidota	LTPC1May	0.297695139485067
685	Proteobacteria	LTPC1May	0.221545620024499
686	Thermoplasmatota	LTPC1May	0.0346957556015288
687	Actinobacteriota	LTPC1May	0.0212351813730444
688	Planctomycetota	LTPC1May	0.00343214936915764
689	Verrucomicrobiota	LTPC1May	0.00213521090912292
690	SAR324clade(MarinegroupB)	LTPC1May	0.00130077814800252
691	Crenarchaeota	LTPC1May	0.000400239430154623
692	Marinimicrobia(SAR406clade)	LTPC1May	0.0018010774356958
693	others	LTPC1May	0.00606135108973416
694	Cyanobacteria	LTPC1Nov	0.465885779243505
695	Bacteroidota	LTPC1Nov	0.17672353851152
696	Proteobacteria	LTPC1Nov	0.188267090576032
697	Thermoplasmatota	LTPC1Nov	0.0315521448961933
698	Actinobacteriota	LTPC1Nov	0.0630680268508547
699	Planctomycetota	LTPC1Nov	0.0151759948950354
700	Verrucomicrobiota	LTPC1Nov	0.0078116667683579
701	SAR324clade(MarinegroupB)	LTPC1Nov	0.0265038017156676
702	Crenarchaeota	LTPC1Nov	0.00972147167176998
703	Marinimicrobia(SAR406clade)	LTPC1Nov	0.00429791379172989
704	others	LTPC1Nov	0.0109925710793348
705	Cyanobacteria	LTPC2Aug	0.0377989547322288
706	Bacteroidota	LTPC2Aug	0.325876689833518
707	Proteobacteria	LTPC2Aug	0.440942888613613
708	Thermoplasmatota	LTPC2Aug	0.0301697417859496
709	Actinobacteriota	LTPC2Aug	0.0446168692240374
710	Planctomycetota	LTPC2Aug	0.0561562012148975
711	Verrucomicrobiota	LTPC2Aug	0.0158140444643952
712	SAR324clade(MarinegroupB)	LTPC2Aug	0.013154938550599
713	Crenarchaeota	LTPC2Aug	0.0159808142392462
714	Marinimicrobia(SAR406clade)	LTPC2Aug	0.00243609973159241
715	others	LTPC2Aug	0.0170527576099229
716	Cyanobacteria	LTPC2May	0.0763490795841995
717	Bacteroidota	LTPC2May	0.52331812558278
718	Proteobacteria	LTPC2May	0.330113532260619
719	Thermoplasmatota	LTPC2May	0.0450088099638765
720	Actinobacteriota	LTPC2May	0.0135213630447245
721	Planctomycetota	LTPC2May	0.00133479109759964
722	Verrucomicrobiota	LTPC2May	0.00161600238687817
723	SAR324clade(MarinegroupB)	LTPC2May	0.00111604901309725
724	Crenarchaeota	LTPC2May	0.00102304492867248
725	Marinimicrobia(SAR406clade)	LTPC2May	0.00176707760407065
726	others	LTPC2May	0.00483212453348236
727	Cyanobacteria	LTPC2Nov	0.46829501061762
728	Bacteroidota	LTPC2Nov	0.166170747197995
729	Proteobacteria	LTPC2Nov	0.171598079230105
730	Thermoplasmatota	LTPC2Nov	0.0354527137209879
731	Actinobacteriota	LTPC2Nov	0.0932570432350392
732	Planctomycetota	LTPC2Nov	0.0185018219930606
733	Verrucomicrobiota	LTPC2Nov	0.00552032330257181
734	SAR324clade(MarinegroupB)	LTPC2Nov	0.0144234930741576
735	Crenarchaeota	LTPC2Nov	0.0133106438891972
736	Marinimicrobia(SAR406clade)	LTPC2Nov	0.00579165421133008
737	others	LTPC2Nov	0.00767846952793538
738	Cyanobacteria	LTPC3Aug	0.0463915693155129
739	Bacteroidota	LTPC3Aug	0.303496478921155
740	Proteobacteria	LTPC3Aug	0.440126777925316
741	Thermoplasmatota	LTPC3Aug	0.0361598368789478
742	Actinobacteriota	LTPC3Aug	0.0490403128787181
743	Planctomycetota	LTPC3Aug	0.0505603357072865
744	Verrucomicrobiota	LTPC3Aug	0.0176473071283948
745	SAR324clade(MarinegroupB)	LTPC3Aug	0.0278585513732418
746	Crenarchaeota	LTPC3Aug	0.0143851428909103
747	Marinimicrobia(SAR406clade)	LTPC3Aug	0.007395179091806
748	others	LTPC3Aug	0.00693850788871098
749	Cyanobacteria	LTPC3Feb	0.000250673723261092
750	Bacteroidota	LTPC3Feb	0.525653707590523
751	Proteobacteria	LTPC3Feb	0.367685662575289
752	Thermoplasmatota	LTPC3Feb	0.0761766110860579
753	Actinobacteriota	LTPC3Feb	0.00143693891262595
754	Planctomycetota	LTPC3Feb	0.000155668382157903
755	Verrucomicrobiota	LTPC3Feb	0.0258017063078797
756	SAR324clade(MarinegroupB)	LTPC3Feb	0
757	Crenarchaeota	LTPC3Feb	0.00259447303596505
758	Marinimicrobia(SAR406clade)	LTPC3Feb	0
759	others	LTPC3Feb	0.000244558386240823
760	Cyanobacteria	LTPC3May	0.422617180145881
761	Bacteroidota	LTPC3May	0.284572468639084
762	Proteobacteria	LTPC3May	0.241479100574035
763	Thermoplasmatota	LTPC3May	0.0258764782146627
764	Actinobacteriota	LTPC3May	0.0189559136416984
765	Planctomycetota	LTPC3May	0.00141432711826851
766	Verrucomicrobiota	LTPC3May	0.00121543384625479
767	SAR324clade(MarinegroupB)	LTPC3May	0.00188794785030013
768	Crenarchaeota	LTPC3May	0
769	Marinimicrobia(SAR406clade)	LTPC3May	0.000993656763315859
770	others	LTPC3May	0.000987493206499712
771	Cyanobacteria	LTPC3Nov	0.165823608741361
772	Bacteroidota	LTPC3Nov	0.269687020617004
773	Proteobacteria	LTPC3Nov	0.273650139767061
774	Thermoplasmatota	LTPC3Nov	0.0269621467537061
775	Actinobacteriota	LTPC3Nov	0.16768940133563
776	Planctomycetota	LTPC3Nov	0.0241827057551305
777	Verrucomicrobiota	LTPC3Nov	0.00127744296808838
778	SAR324clade(MarinegroupB)	LTPC3Nov	0.0423368406700056
779	Crenarchaeota	LTPC3Nov	0.0134434517767316
780	Marinimicrobia(SAR406clade)	LTPC3Nov	0.00411329494661191
781	others	LTPC3Nov	0.0108339466686691
782	Cyanobacteria	SKBlu1Aug	0.598975365055685
783	Bacteroidota	SKBlu1Aug	0.113793185627854
784	Proteobacteria	SKBlu1Aug	0.131688607602761
785	Thermoplasmatota	SKBlu1Aug	0.0140873137931694
786	Actinobacteriota	SKBlu1Aug	0.00635737685940913
787	Planctomycetota	SKBlu1Aug	0.0115656539480921
788	Verrucomicrobiota	SKBlu1Aug	0.0737004331575501
789	SAR324clade(MarinegroupB)	SKBlu1Aug	0.0374519376223746
790	Crenarchaeota	SKBlu1Aug	0
791	Marinimicrobia(SAR406clade)	SKBlu1Aug	0.000440611030851466
792	others	SKBlu1Aug	0.0119395153022535
793	Cyanobacteria	SKBlu1Feb	0.0409571936484632
794	Bacteroidota	SKBlu1Feb	0.454415376724321
795	Proteobacteria	SKBlu1Feb	0.304009942687238
796	Thermoplasmatota	SKBlu1Feb	0.0660776849355257
797	Actinobacteriota	SKBlu1Feb	0.0599544324745645
798	Planctomycetota	SKBlu1Feb	0.0439984381129328
799	Verrucomicrobiota	SKBlu1Feb	0.0118561672282421
800	SAR324clade(MarinegroupB)	SKBlu1Feb	0.00373746270554387
801	Crenarchaeota	SKBlu1Feb	0.00206543991622161
802	Marinimicrobia(SAR406clade)	SKBlu1Feb	0.00717986256591323
803	others	SKBlu1Feb	0.00574799900103351
804	Cyanobacteria	SKBlu1May	0.874610232070156
805	Bacteroidota	SKBlu1May	0.0478876042297483
806	Proteobacteria	SKBlu1May	0.053854468352653
807	Thermoplasmatota	SKBlu1May	0.00823235358330973
808	Actinobacteriota	SKBlu1May	0.00698934782323735
809	Planctomycetota	SKBlu1May	0.00198237210087912
810	Verrucomicrobiota	SKBlu1May	0.000428895458355997
811	SAR324clade(MarinegroupB)	SKBlu1May	0.00329294143332389
812	Crenarchaeota	SKBlu1May	0.00010976471444413
813	Marinimicrobia(SAR406clade)	SKBlu1May	0.00186600014555021
814	others	SKBlu1May	0.000746020088342569
815	Cyanobacteria	SKBlu1Nov	0.202664294576962
816	Bacteroidota	SKBlu1Nov	0.285927904795407
817	Proteobacteria	SKBlu1Nov	0.164841108526829
818	Thermoplasmatota	SKBlu1Nov	0.0502048276652556
819	Actinobacteriota	SKBlu1Nov	0.133218166154548
820	Planctomycetota	SKBlu1Nov	0.0619846970725402
821	Verrucomicrobiota	SKBlu1Nov	0.019054082525918
822	SAR324clade(MarinegroupB)	SKBlu1Nov	0.0219815731935015
823	Crenarchaeota	SKBlu1Nov	0.0184645214825413
824	Marinimicrobia(SAR406clade)	SKBlu1Nov	0.015142861533301
825	others	SKBlu1Nov	0.0265159624731968
826	Cyanobacteria	SKBlu2Aug	0.513543678596999
827	Bacteroidota	SKBlu2Aug	0.167344074538295
828	Proteobacteria	SKBlu2Aug	0.155998909646029
829	Thermoplasmatota	SKBlu2Aug	0.00439226410068956
830	Actinobacteriota	SKBlu2Aug	0.00532835175256537
831	Planctomycetota	SKBlu2Aug	0.0207433905228811
832	Verrucomicrobiota	SKBlu2Aug	0.0851257701324997
833	SAR324clade(MarinegroupB)	SKBlu2Aug	0.0365863213561485
834	Crenarchaeota	SKBlu2Aug	0.000228664508475928
835	Marinimicrobia(SAR406clade)	SKBlu2Aug	0.000228664508475928
836	others	SKBlu2Aug	0.0104799103369412
837	Cyanobacteria	SKBlu2Feb	0.00848278672614813
838	Bacteroidota	SKBlu2Feb	0.374550755966389
839	Proteobacteria	SKBlu2Feb	0.238386899008974
840	Thermoplasmatota	SKBlu2Feb	0.243495742121393
841	Actinobacteriota	SKBlu2Feb	0.0503830057579178
842	Planctomycetota	SKBlu2Feb	0.0498282403175293
843	Verrucomicrobiota	SKBlu2Feb	0.00785225990058422
844	SAR324clade(MarinegroupB)	SKBlu2Feb	0.00142692590976058
845	Crenarchaeota	SKBlu2Feb	0.00935227236546141
846	Marinimicrobia(SAR406clade)	SKBlu2Feb	0.00992486046946925
847	others	SKBlu2Feb	0.00631625145637227
848	Cyanobacteria	SKBlu2May	0.825093296994204
849	Bacteroidota	SKBlu2May	0.0703414202229483
850	Proteobacteria	SKBlu2May	0.0771846713398585
851	Thermoplasmatota	SKBlu2May	0.0129648825711407
852	Actinobacteriota	SKBlu2May	0.00316896724456984
853	Planctomycetota	SKBlu2May	0.00348843311109691
854	Verrucomicrobiota	SKBlu2May	0.0020869753797808
855	SAR324clade(MarinegroupB)	SKBlu2May	0.00252289606884632
856	Crenarchaeota	SKBlu2May	0
857	Marinimicrobia(SAR406clade)	SKBlu2May	0.00120660246770911
858	others	SKBlu2May	0.00194185459984519
859	Cyanobacteria	SKBlu2Nov	0.390206393486819
860	Bacteroidota	SKBlu2Nov	0.160205615966762
861	Proteobacteria	SKBlu2Nov	0.158705248037344
862	Thermoplasmatota	SKBlu2Nov	0.0435834920179066
863	Actinobacteriota	SKBlu2Nov	0.0964339731185244
864	Planctomycetota	SKBlu2Nov	0.0538827768909088
865	Verrucomicrobiota	SKBlu2Nov	0.0172128296174787
866	SAR324clade(MarinegroupB)	SKBlu2Nov	0.0291104833456123
867	Crenarchaeota	SKBlu2Nov	0.0154926979161394
868	Marinimicrobia(SAR406clade)	SKBlu2Nov	0.0136177854294729
869	others	SKBlu2Nov	0.0215487041730318
870	Cyanobacteria	SKBlu3Aug	0.451084405221452
871	Bacteroidota	SKBlu3Aug	0.184623113105562
872	Proteobacteria	SKBlu3Aug	0.170208774925863
873	Thermoplasmatota	SKBlu3Aug	0.00924534318120064
874	Actinobacteriota	SKBlu3Aug	0.00867755772967468
875	Planctomycetota	SKBlu3Aug	0.00708578970237292
876	Verrucomicrobiota	SKBlu3Aug	0.13111898643978
877	SAR324clade(MarinegroupB)	SKBlu3Aug	0.0332154488193672
878	Crenarchaeota	SKBlu3Aug	0.000225955434145355
879	Marinimicrobia(SAR406clade)	SKBlu3Aug	0.00158168803901749
880	others	SKBlu3Aug	0.00293293740156475
881	Cyanobacteria	SKBlu3Feb	0.0119137025404624
882	Bacteroidota	SKBlu3Feb	0.349184346139437
883	Proteobacteria	SKBlu3Feb	0.23050617086441
884	Thermoplasmatota	SKBlu3Feb	0.287986110760036
885	Actinobacteriota	SKBlu3Feb	0.0417452970582735
886	Planctomycetota	SKBlu3Feb	0.0445282114307323
887	Verrucomicrobiota	SKBlu3Feb	0.0109525468056986
888	SAR324clade(MarinegroupB)	SKBlu3Feb	0.0016702916038349
889	Crenarchaeota	SKBlu3Feb	0.00677941886262402
890	Marinimicrobia(SAR406clade)	SKBlu3Feb	0.0097269922811562
891	others	SKBlu3Feb	0.005006911653335
892	Cyanobacteria	SKBlu3May	0.765102244410686
893	Bacteroidota	SKBlu3May	0.0982449460261657
894	Proteobacteria	SKBlu3May	0.0969996558360502
895	Thermoplasmatota	SKBlu3May	0.0241904194533839
896	Actinobacteriota	SKBlu3May	0.00511174295709675
897	Planctomycetota	SKBlu3May	0.00216564080470412
898	Verrucomicrobiota	SKBlu3May	0.000833836428102742
899	SAR324clade(MarinegroupB)	SKBlu3May	0.00279671845445264
900	Crenarchaeota	SKBlu3May	0.000215132188804049
901	Marinimicrobia(SAR406clade)	SKBlu3May	0.00161349141603037
902	others	SKBlu3May	0.00272617202452397
903	Cyanobacteria	SKBlu3Nov	0.292696483319432
904	Bacteroidota	SKBlu3Nov	0.231972482416723
905	Proteobacteria	SKBlu3Nov	0.165024876078345
906	Thermoplasmatota	SKBlu3Nov	0.0541317846317272
907	Actinobacteriota	SKBlu3Nov	0.0481139363163795
908	Planctomycetota	SKBlu3Nov	0.091670296725977
909	Verrucomicrobiota	SKBlu3Nov	0.0181868249031598
910	SAR324clade(MarinegroupB)	SKBlu3Nov	0.0326599668701127
911	Crenarchaeota	SKBlu3Nov	0.0200301307390721
912	Marinimicrobia(SAR406clade)	SKBlu3Nov	0.0175633658697283
913	others	SKBlu3Nov	0.0279498521293443
914	Cyanobacteria	SKLKW1Aug	0.569918832337657
915	Bacteroidota	SKLKW1Aug	0.137174323802853
916	Proteobacteria	SKLKW1Aug	0.105130641159411
917	Thermoplasmatota	SKLKW1Aug	0.00864827238333065
918	Actinobacteriota	SKLKW1Aug	0.00456932861331012
919	Planctomycetota	SKLKW1Aug	0.0104917720314981
920	Verrucomicrobiota	SKLKW1Aug	0.14072005196911
921	SAR324clade(MarinegroupB)	SKLKW1Aug	0.0165629859476929
922	Crenarchaeota	SKLKW1Aug	0.00115825076557293
923	Marinimicrobia(SAR406clade)	SKLKW1Aug	0.00069495045934376
924	others	SKLKW1Aug	0.00493059053022182
925	Cyanobacteria	SKLKW1Feb	0.0225167230816855
926	Bacteroidota	SKLKW1Feb	0.527054090561656
927	Proteobacteria	SKLKW1Feb	0.293470367648922
928	Thermoplasmatota	SKLKW1Feb	0.0701629051642409
929	Actinobacteriota	SKLKW1Feb	0.0320146862701772
930	Planctomycetota	SKLKW1Feb	0.0244049875448667
931	Verrucomicrobiota	SKLKW1Feb	0.00870578916151013
932	SAR324clade(MarinegroupB)	SKLKW1Feb	0.000659125893797765
933	Crenarchaeota	SKLKW1Feb	0.00329562946898883
934	Marinimicrobia(SAR406clade)	SKLKW1Feb	0.00725038483177542
935	others	SKLKW1Feb	0.0104653103723794
936	Cyanobacteria	SKLKW1May	0.688945524068333
937	Bacteroidota	SKLKW1May	0.146682308581991
938	Proteobacteria	SKLKW1May	0.116066980358792
939	Thermoplasmatota	SKLKW1May	0.0185287734896642
940	Actinobacteriota	SKLKW1May	0.0140617114685031
941	Planctomycetota	SKLKW1May	0.0067523326218872
942	Verrucomicrobiota	SKLKW1May	0.00165924411689945
943	SAR324clade(MarinegroupB)	SKLKW1May	0.00242252083475997
944	Crenarchaeota	SKLKW1May	0.000421307971262604
945	Marinimicrobia(SAR406clade)	SKLKW1May	0.00200121286349737
946	others	SKLKW1May	0.0024580836244098
947	Cyanobacteria	SKLKW1Nov	0.401716579973463
948	Bacteroidota	SKLKW1Nov	0.189122919396376
949	Proteobacteria	SKLKW1Nov	0.166300005797645
950	Thermoplasmatota	SKLKW1Nov	0.0425859266404597
951	Actinobacteriota	SKLKW1Nov	0.100954334889479
952	Planctomycetota	SKLKW1Nov	0.032392203456547
953	Verrucomicrobiota	SKLKW1Nov	0.0093739328551873
954	SAR324clade(MarinegroupB)	SKLKW1Nov	0.0201559978214154
955	Crenarchaeota	SKLKW1Nov	0.0116497969076
956	Marinimicrobia(SAR406clade)	SKLKW1Nov	0.0114506550801196
957	others	SKLKW1Nov	0.0142976471817079
958	Cyanobacteria	SKLKW2Aug	0.571956611743085
959	Bacteroidota	SKLKW2Aug	0.133576174285106
960	Proteobacteria	SKLKW2Aug	0.101131136279839
961	Thermoplasmatota	SKLKW2Aug	0.00977787102133092
962	Actinobacteriota	SKLKW2Aug	0.00481798789784098
963	Planctomycetota	SKLKW2Aug	0.0106384558622422
964	Verrucomicrobiota	SKLKW2Aug	0.150019966980437
965	SAR324clade(MarinegroupB)	SKLKW2Aug	0.012007653139667
966	Crenarchaeota	SKLKW2Aug	0.000580480469619395
967	Marinimicrobia(SAR406clade)	SKLKW2Aug	0.00116096093923879
968	others	SKLKW2Aug	0.00433270138159414
969	Cyanobacteria	SKLKW2Feb	0.0274105565757943
970	Bacteroidota	SKLKW2Feb	0.510869962356773
971	Proteobacteria	SKLKW2Feb	0.220935622951098
972	Thermoplasmatota	SKLKW2Feb	0.0948324832314217
973	Actinobacteriota	SKLKW2Feb	0.0573994546417508
974	Planctomycetota	SKLKW2Feb	0.0545780639083485
975	Verrucomicrobiota	SKLKW2Feb	0.00575540896033817
976	SAR324clade(MarinegroupB)	SKLKW2Feb	0.000638551390300091
977	Crenarchaeota	SKLKW2Feb	0.00374008671461482
978	Marinimicrobia(SAR406clade)	SKLKW2Feb	0.012041254788516
979	others	SKLKW2Feb	0.0117985544810446
980	Cyanobacteria	SKLKW2May	0.559507823314216
981	Bacteroidota	SKLKW2May	0.193991623531232
982	Proteobacteria	SKLKW2May	0.175471380478008
983	Thermoplasmatota	SKLKW2May	0.0316172721348619
984	Actinobacteriota	SKLKW2May	0.0166564743217317
985	Planctomycetota	SKLKW2May	0.00949014928481503
986	Verrucomicrobiota	SKLKW2May	0.00334806945278882
987	SAR324clade(MarinegroupB)	SKLKW2May	0.00339184750745645
988	Crenarchaeota	SKLKW2May	0
989	Marinimicrobia(SAR406clade)	SKLKW2May	0.00246679818724105
990	others	SKLKW2May	0.00405856178764818
991	Cyanobacteria	SKLKW2Nov	0.244069114613284
992	Bacteroidota	SKLKW2Nov	0.293848265396769
993	Proteobacteria	SKLKW2Nov	0.194919078177568
994	Thermoplasmatota	SKLKW2Nov	0.0501491957126038
995	Actinobacteriota	SKLKW2Nov	0.0925990662482594
996	Planctomycetota	SKLKW2Nov	0.04666844068498
997	Verrucomicrobiota	SKLKW2Nov	0.0153310347013414
998	SAR324clade(MarinegroupB)	SKLKW2Nov	0.0236236678907283
999	Crenarchaeota	SKLKW2Nov	0.0117150156343366
1000	Marinimicrobia(SAR406clade)	SKLKW2Nov	0.0117150156343366
1001	others	SKLKW2Nov	0.0153621053057927
1002	Cyanobacteria	SKLKW3Aug	0.533458197569813
1003	Bacteroidota	SKLKW3Aug	0.218420312907879
1004	Proteobacteria	SKLKW3Aug	0.119912863878973
1005	Thermoplasmatota	SKLKW3Aug	0.00677588377224176
1006	Actinobacteriota	SKLKW3Aug	0.0027397173971302
1007	Planctomycetota	SKLKW3Aug	0.0223869937169924
1008	Verrucomicrobiota	SKLKW3Aug	0.0837805798992941
1009	SAR324clade(MarinegroupB)	SKLKW3Aug	0.00754938648596799
1010	Crenarchaeota	SKLKW3Aug	0
1011	Marinimicrobia(SAR406clade)	SKLKW3Aug	0.000866323039373376
1012	others	SKLKW3Aug	0.0041097413323351
1013	Cyanobacteria	SKLKW3Feb	0.00335536700166216
1014	Bacteroidota	SKLKW3Feb	0.539123845194454
1015	Proteobacteria	SKLKW3Feb	0.195531785340654
1016	Thermoplasmatota	SKLKW3Feb	0.0734268790579544
1017	Actinobacteriota	SKLKW3Feb	0.0836396601975966
1018	Planctomycetota	SKLKW3Feb	0.0559378395656599
1019	Verrucomicrobiota	SKLKW3Feb	0.00641756258983355
1020	SAR324clade(MarinegroupB)	SKLKW3Feb	0.00178333221861263
1021	Crenarchaeota	SKLKW3Feb	0.00563157542719778
1022	Marinimicrobia(SAR406clade)	SKLKW3Feb	0.0143605173393543
1023	others	SKLKW3Feb	0.0207916360670212
1024	Cyanobacteria	SKLKW3May	0.576540753471442
1025	Bacteroidota	SKLKW3May	0.164279404880018
1026	Proteobacteria	SKLKW3May	0.168427064044251
1027	Thermoplasmatota	SKLKW3May	0.0328228822769943
1028	Actinobacteriota	SKLKW3May	0.0344095065077365
1029	Planctomycetota	SKLKW3May	0.00738872049461282
1030	Verrucomicrobiota	SKLKW3May	0.00157995820101352
1031	SAR324clade(MarinegroupB)	SKLKW3May	0.00669096127980163
1032	Crenarchaeota	SKLKW3May	0
1033	Marinimicrobia(SAR406clade)	SKLKW3May	0.0048380796946258
1034	others	SKLKW3May	0.00302266914950478
1035	Cyanobacteria	SKLKW3Nov	0.30165216175979
1036	Bacteroidota	SKLKW3Nov	0.253762428512745
1037	Proteobacteria	SKLKW3Nov	0.200149928262027
1038	Thermoplasmatota	SKLKW3Nov	0.0341459668569904
1039	Actinobacteriota	SKLKW3Nov	0.107975507649289
1040	Planctomycetota	SKLKW3Nov	0.03266747670269
1041	Verrucomicrobiota	SKLKW3Nov	0.0142519403766916
1042	SAR324clade(MarinegroupB)	SKLKW3Nov	0.0158613523439147
1043	Crenarchaeota	SKLKW3Nov	0.00951681140634881
1044	Marinimicrobia(SAR406clade)	SKLKW3Nov	0.0140769502052243
1045	others	SKLKW3Nov	0.015939475924289
1046	Cyanobacteria	SKSha1Aug	0.652311185337822
1047	Bacteroidota	SKSha1Aug	0.115554737327119
1048	Proteobacteria	SKSha1Aug	0.1539886833273
1049	Thermoplasmatota	SKSha1Aug	0.00405542210439812
1050	Actinobacteriota	SKSha1Aug	0.00382082778741604
1051	Planctomycetota	SKSha1Aug	0.00622814735562521
1052	Verrucomicrobiota	SKSha1Aug	0.0275843555274351
1053	SAR324clade(MarinegroupB)	SKSha1Aug	0.0327744317018056
1054	Crenarchaeota	SKSha1Aug	0
1055	Marinimicrobia(SAR406clade)	SKSha1Aug	0.00031923147761499
1056	others	SKSha1Aug	0.00336297805346319
1057	Cyanobacteria	SKSha1Feb	0.416049859939554
1058	Bacteroidota	SKSha1Feb	0.239589486931912
1059	Proteobacteria	SKSha1Feb	0.176848237674602
1060	Thermoplasmatota	SKSha1Feb	0.0983282378136916
1061	Actinobacteriota	SKSha1Feb	0.0340114575614152
1062	Planctomycetota	SKSha1Feb	0.0185975128519095
1063	Verrucomicrobiota	SKSha1Feb	0.0116807503710721
1064	SAR324clade(MarinegroupB)	SKSha1Feb	0.00249203085902261
1065	Crenarchaeota	SKSha1Feb	0.000566370649777865
1066	Marinimicrobia(SAR406clade)	SKSha1Feb	0.000453096519822292
1067	others	SKSha1Feb	0.00138295882722084
1068	Cyanobacteria	SKSha1May	0.827529544126186
1069	Bacteroidota	SKSha1May	0.109458330630742
1070	Proteobacteria	SKSha1May	0.051137102150097
1071	Thermoplasmatota	SKSha1May	0.00765260475196917
1072	Actinobacteriota	SKSha1May	0.0016977319115122
1073	Planctomycetota	SKSha1May	0.000636157470505924
1074	Verrucomicrobiota	SKSha1May	9.74220922661185e-05
1075	SAR324clade(MarinegroupB)	SKSha1May	0.00107363122019077
1076	Crenarchaeota	SKSha1May	0
1077	Marinimicrobia(SAR406clade)	SKSha1May	0.000429452488076308
1078	others	SKSha1May	0.000288023158454109
1079	Cyanobacteria	SKSha1Nov	0.665015211055798
1080	Bacteroidota	SKSha1Nov	0.106201372149014
1081	Proteobacteria	SKSha1Nov	0.112437505568893
1082	Thermoplasmatota	SKSha1Nov	0.00555914828190591
1083	Actinobacteriota	SKSha1Nov	0.0115338680891661
1084	Planctomycetota	SKSha1Nov	0.0641521989786454
1085	Verrucomicrobiota	SKSha1Nov	0.0108106124795982
1086	SAR324clade(MarinegroupB)	SKSha1Nov	0.0122224502865295
1087	Crenarchaeota	SKSha1Nov	0.00212564352809208
1088	Marinimicrobia(SAR406clade)	SKSha1Nov	0.00361359399775653
1089	others	SKSha1Nov	0.00632839558460063
1090	Cyanobacteria	SKSha2Aug	0.608013551641395
1091	Bacteroidota	SKSha2Aug	0.123103873382962
1092	Proteobacteria	SKSha2Aug	0.131645231390436
1093	Thermoplasmatota	SKSha2Aug	0.00518067515434009
1094	Actinobacteriota	SKSha2Aug	0.00676045409798215
1095	Planctomycetota	SKSha2Aug	0.0109894190646698
1096	Verrucomicrobiota	SKSha2Aug	0.0377760887359616
1097	SAR324clade(MarinegroupB)	SKSha2Aug	0.0706201696240358
1098	Crenarchaeota	SKSha2Aug	0.000209555399477851
1099	Marinimicrobia(SAR406clade)	SKSha2Aug	0.000523888498694628
1100	others	SKSha2Aug	0.00517709301004554
1101	Cyanobacteria	SKSha2Feb	0.590656759074291
1102	Bacteroidota	SKSha2Feb	0.160757087035478
1103	Proteobacteria	SKSha2Feb	0.165740992356083
1104	Thermoplasmatota	SKSha2Feb	0.0287844368262217
1105	Actinobacteriota	SKSha2Feb	0.026262824998136
1106	Planctomycetota	SKSha2Feb	0.0120821999543061
1107	Verrucomicrobiota	SKSha2Feb	0.0136369077647333
1108	SAR324clade(MarinegroupB)	SKSha2Feb	0.000913489565152558
1109	Crenarchaeota	SKSha2Feb	0
1110	Marinimicrobia(SAR406clade)	SKSha2Feb	0.00011418619564407
1111	others	SKSha2Feb	0.00105111622995346
1112	Cyanobacteria	SKSha2May	0.695076253649633
1113	Bacteroidota	SKSha2May	0.141321040645047
1114	Proteobacteria	SKSha2May	0.146236144556041
1115	Thermoplasmatota	SKSha2May	0.0124471426600142
1116	Actinobacteriota	SKSha2May	0.00260943537750982
1117	Planctomycetota	SKSha2May	0.00113684855885023
1118	Verrucomicrobiota	SKSha2May	0.000256423682333721
1119	SAR324clade(MarinegroupB)	SKSha2May	0.0005300415609573
1120	Crenarchaeota	SKSha2May	0
1121	Marinimicrobia(SAR406clade)	SKSha2May	0.00010600831219146
1122	others	SKSha2May	0.000280660997421966
1123	Cyanobacteria	SKSha2Nov	0.457846591988302
1124	Bacteroidota	SKSha2Nov	0.150722106598434
1125	Proteobacteria	SKSha2Nov	0.193915222215176
1126	Thermoplasmatota	SKSha2Nov	0.00880475998000755
1127	Actinobacteriota	SKSha2Nov	0.0297284782636109
1128	Planctomycetota	SKSha2Nov	0.099272630567211
1129	Verrucomicrobiota	SKSha2Nov	0.0160140826910884
1130	SAR324clade(MarinegroupB)	SKSha2Nov	0.0166002786961723
1131	Crenarchaeota	SKSha2Nov	0.00250570244470526
1132	Marinimicrobia(SAR406clade)	SKSha2Nov	0.0123197036864675
1133	others	SKSha2Nov	0.0122704428688251
1134	Cyanobacteria	SKSha3Aug	0.603328893374715
1135	Bacteroidota	SKSha3Aug	0.112057365554623
1136	Proteobacteria	SKSha3Aug	0.16446329279555
1137	Thermoplasmatota	SKSha3Aug	0.00487153046570325
1138	Actinobacteriota	SKSha3Aug	0.00985456856014499
1139	Planctomycetota	SKSha3Aug	0.0152285933922933
1140	Verrucomicrobiota	SKSha3Aug	0.0282399684965678
1141	SAR324clade(MarinegroupB)	SKSha3Aug	0.0377581709632959
1142	Crenarchaeota	SKSha3Aug	0.000106675849606153
1143	Marinimicrobia(SAR406clade)	SKSha3Aug	0
1144	others	SKSha3Aug	0.0240909405475003
1145	Cyanobacteria	SKSha3Feb	0.49486009514359
1146	Bacteroidota	SKSha3Feb	0.188422723214858
1147	Proteobacteria	SKSha3Feb	0.211310529109316
1148	Thermoplasmatota	SKSha3Feb	0.0428415833872096
1149	Actinobacteriota	SKSha3Feb	0.0330336144337722
1150	Planctomycetota	SKSha3Feb	0.00838580965696999
1151	Verrucomicrobiota	SKSha3Feb	0.0170623870393635
1152	SAR324clade(MarinegroupB)	SKSha3Feb	0.00100040886629599
1153	Crenarchaeota	SKSha3Feb	0.000222313081399109
1154	Marinimicrobia(SAR406clade)	SKSha3Feb	0.00100040886629599
1155	others	SKSha3Feb	0.00186012720092976
1156	Cyanobacteria	SKSha3May	0.787807228749974
1157	Bacteroidota	SKSha3May	0.0976004234585207
1158	Proteobacteria	SKSha3May	0.100454278998096
1159	Thermoplasmatota	SKSha3May	0.00835982384083337
1160	Actinobacteriota	SKSha3May	0.00233168301948103
1161	Planctomycetota	SKSha3May	0.00125975031415173
1162	Verrucomicrobiota	SKSha3May	0.000216513423330316
1163	SAR324clade(MarinegroupB)	SKSha3May	0.000974310404499265
1164	Crenarchaeota	SKSha3May	0
1165	Marinimicrobia(SAR406clade)	SKSha3May	0.000216513423222059
1166	others	SKSha3May	0.000779474367890831
1167	Cyanobacteria	SKSha3Nov	0.58241857936887
1168	Bacteroidota	SKSha3Nov	0.116925667163118
1169	Proteobacteria	SKSha3Nov	0.1652918334533
1170	Thermoplasmatota	SKSha3Nov	0.0101186498907355
1171	Actinobacteriota	SKSha3Nov	0.0177544583332181
1172	Planctomycetota	SKSha3Nov	0.0599378773233586
1173	Verrucomicrobiota	SKSha3Nov	0.0109450688456074
1174	SAR324clade(MarinegroupB)	SKSha3Nov	0.0170998898333947
1175	Crenarchaeota	SKSha3Nov	0.000739101383348993
1176	Marinimicrobia(SAR406clade)	SKSha3Nov	0.00591281106679195
1177	others	SKSha3Nov	0.0128560633382567
