id	PhylumID	SampleID	Abundance	Region	Site	Season	Site2	Month	Site2avgrela
19	Cercozoa	HKBea1Feb	0.003707151	HK	Bea1	Feb	Bea	2	0.002896776
63	Cercozoa	HKBea2Feb	0.001238186	HK	Bea2	Feb	Bea	2	
107	Cercozoa	HKBea3Feb	0.003744992	HK	Bea3	Feb	Bea	2	
12	Chlorophyta_X	HKBea1Feb	0.560914572	HK	Bea1	Feb	Bea	2	0.556957655
56	Chlorophyta_X	HKBea2Feb	0.656036187	HK	Bea2	Feb	Bea	2	
100	Chlorophyta_X	HKBea3Feb	0.453922206	HK	Bea3	Feb	Bea	2	
20	Ciliophora	HKBea1Feb	0.00295949	HK	Bea1	Feb	Bea	2	0.003363406
64	Ciliophora	HKBea2Feb	0.005088006	HK	Bea2	Feb	Bea	2	
108	Ciliophora	HKBea3Feb	0.002042723	HK	Bea3	Feb	Bea	2	
13	Cryptophyta_X	HKBea1Feb	0.020242219	HK	Bea1	Feb	Bea	2	0.018860033
57	Cryptophyta_X	HKBea2Feb	0.015683684	HK	Bea2	Feb	Bea	2	
101	Cryptophyta_X	HKBea3Feb	0.020654198	HK	Bea3	Feb	Bea	2	
21	Cryptophyta_X:nucl	HKBea1Feb	0.000823811	HK	Bea1	Feb	Bea	2	0.000813074
65	Cryptophyta_X:nucl	HKBea2Feb	0.000707535	HK	Bea2	Feb	Bea	2	
109	Cryptophyta_X:nucl	HKBea3Feb	0.000907877	HK	Bea3	Feb	Bea	2	
14	Dinoflagellata	HKBea1Feb	0.157651757	HK	Bea1	Feb	Bea	2	0.151496328
58	Dinoflagellata	HKBea2Feb	0.159258732	HK	Bea2	Feb	Bea	2	
102	Dinoflagellata	HKBea3Feb	0.137578496	HK	Bea3	Feb	Bea	2	
15	Gyrista	HKBea1Feb	0.04075142	HK	Bea1	Feb	Bea	2	0.074304367
59	Gyrista	HKBea2Feb	0.031105242	HK	Bea2	Feb	Bea	2	
103	Gyrista	HKBea3Feb	0.151056439	HK	Bea3	Feb	Bea	2	
18	Haptophyta_X	HKBea1Feb	0.081859936	HK	Bea1	Feb	Bea	2	0.071915145
62	Haptophyta_X	HKBea2Feb	0.068226551	HK	Bea2	Feb	Bea	2	
106	Haptophyta_X	HKBea3Feb	0.06565895	HK	Bea3	Feb	Bea	2	
22	others	HKBea1Feb	0.003482967	HK	Bea1	Feb	Bea	2	0.003027924
66	others	HKBea2Feb	0.001277252	HK	Bea2	Feb	Bea	2	
110	others	HKBea3Feb	0.004323555	HK	Bea3	Feb	Bea	2	
17	Picozoa_X	HKBea1Feb	0.079792002	HK	Bea1	Feb	Bea	2	0.089867839
61	Picozoa_X	HKBea2Feb	0.045459098	HK	Bea2	Feb	Bea	2	
105	Picozoa_X	HKBea3Feb	0.144352417	HK	Bea3	Feb	Bea	2	
16	Rhodophyta_X	HKBea1Feb	0.047814676	HK	Bea1	Feb	Bea	2	0.026497451
60	Rhodophyta_X	HKBea2Feb	0.015919528	HK	Bea2	Feb	Bea	2	
104	Rhodophyta_X	HKBea3Feb	0.015758148	HK	Bea3	Feb	Bea	2	
800	Cercozoa	SKBlu1Feb	0	SK	Blu1	Feb	Blu	2	3.32125E-05
844	Cercozoa	SKBlu2Feb	9.96E-05	SK	Blu2	Feb	Blu	2	
888	Cercozoa	SKBlu3Feb	0	SK	Blu3	Feb	Blu	2	
793	Chlorophyta_X	SKBlu1Feb	0.932458438	SK	Blu1	Feb	Blu	2	0.928198135
837	Chlorophyta_X	SKBlu2Feb	0.921633881	SK	Blu2	Feb	Blu	2	
881	Chlorophyta_X	SKBlu3Feb	0.930502086	SK	Blu3	Feb	Blu	2	
801	Ciliophora	SKBlu1Feb	0.001634285	SK	Blu1	Feb	Blu	2	0.002196927
845	Ciliophora	SKBlu2Feb	0.002391303	SK	Blu2	Feb	Blu	2	
889	Ciliophora	SKBlu3Feb	0.002565192	SK	Blu3	Feb	Blu	2	
794	Cryptophyta_X	SKBlu1Feb	0.00971683	SK	Blu1	Feb	Blu	2	0.012465794
838	Cryptophyta_X	SKBlu2Feb	0.01487922	SK	Blu2	Feb	Blu	2	
882	Cryptophyta_X	SKBlu3Feb	0.012801331	SK	Blu3	Feb	Blu	2	
802	Cryptophyta_X:nucl	SKBlu1Feb	0.000260505	SK	Blu1	Feb	Blu	2	0.000333819
846	Cryptophyta_X:nucl	SKBlu2Feb	0.000232488	SK	Blu2	Feb	Blu	2	
890	Cryptophyta_X:nucl	SKBlu3Feb	0.000508464	SK	Blu3	Feb	Blu	2	
795	Dinoflagellata	SKBlu1Feb	0.004996171	SK	Blu1	Feb	Blu	2	0.011143473
839	Dinoflagellata	SKBlu2Feb	0.017064028	SK	Blu2	Feb	Blu	2	
883	Dinoflagellata	SKBlu3Feb	0.011370219	SK	Blu3	Feb	Blu	2	
796	Gyrista	SKBlu1Feb	0.001122701	SK	Blu1	Feb	Blu	2	0.002525894
840	Gyrista	SKBlu2Feb	0.003672359	SK	Blu2	Feb	Blu	2	
884	Gyrista	SKBlu3Feb	0.002782623	SK	Blu3	Feb	Blu	2	
799	Haptophyta_X	SKBlu1Feb	0.040996018	SK	Blu1	Feb	Blu	2	0.02999695
843	Haptophyta_X	SKBlu2Feb	0.023229803	SK	Blu2	Feb	Blu	2	
887	Haptophyta_X	SKBlu3Feb	0.025765029	SK	Blu3	Feb	Blu	2	
803	others	SKBlu1Feb	0.000179317	SK	Blu1	Feb	Blu	2	0.000179084
847	others	SKBlu2Feb	0.000150679	SK	Blu2	Feb	Blu	2	
891	others	SKBlu3Feb	0.000207257	SK	Blu3	Feb	Blu	2	
798	Picozoa_X	SKBlu1Feb	0.005353374	SK	Blu1	Feb	Blu	2	0.01003007
842	Picozoa_X	SKBlu2Feb	0.013700175	SK	Blu2	Feb	Blu	2	
886	Picozoa_X	SKBlu3Feb	0.011036662	SK	Blu3	Feb	Blu	2	
797	Rhodophyta_X	SKBlu1Feb	0.003282361	SK	Blu1	Feb	Blu	2	0.002896642
841	Rhodophyta_X	SKBlu2Feb	0.002946427	SK	Blu2	Feb	Blu	2	
885	Rhodophyta_X	SKBlu3Feb	0.002461137	SK	Blu3	Feb	Blu	2	
415	Cercozoa	LTCC1Feb	0.004250666	LT	CC1	Feb	CC	2	0.004397673
459	Cercozoa	LTCC2Feb	0.004188607	LT	CC2	Feb	CC	2	
503	Cercozoa	LTCC3Feb	0.004753747	LT	CC3	Feb	CC	2	
408	Chlorophyta_X	LTCC1Feb	0.068769706	LT	CC1	Feb	CC	2	0.083433494
452	Chlorophyta_X	LTCC2Feb	0.068663238	LT	CC2	Feb	CC	2	
496	Chlorophyta_X	LTCC3Feb	0.112867538	LT	CC3	Feb	CC	2	
416	Ciliophora	LTCC1Feb	0.011251763	LT	CC1	Feb	CC	2	0.00744163
460	Ciliophora	LTCC2Feb	0.006375306	LT	CC2	Feb	CC	2	
504	Ciliophora	LTCC3Feb	0.004697821	LT	CC3	Feb	CC	2	
409	Cryptophyta_X	LTCC1Feb	0.066947992	LT	CC1	Feb	CC	2	0.06032339
453	Cryptophyta_X	LTCC2Feb	0.071555372	LT	CC2	Feb	CC	2	
497	Cryptophyta_X	LTCC3Feb	0.042466807	LT	CC3	Feb	CC	2	
417	Cryptophyta_X:nucl	LTCC1Feb	0.000354222	LT	CC1	Feb	CC	2	0.000984607
461	Cryptophyta_X:nucl	LTCC2Feb	0.000698101	LT	CC2	Feb	CC	2	
505	Cryptophyta_X:nucl	LTCC3Feb	0.001901499	LT	CC3	Feb	CC	2	
410	Dinoflagellata	LTCC1Feb	0.56347893	LT	CC1	Feb	CC	2	0.538368068
454	Dinoflagellata	LTCC2Feb	0.553783942	LT	CC2	Feb	CC	2	
498	Dinoflagellata	LTCC3Feb	0.497841331	LT	CC3	Feb	CC	2	
411	Gyrista	LTCC1Feb	0.060663078	LT	CC1	Feb	CC	2	0.07464029
455	Gyrista	LTCC2Feb	0.077136192	LT	CC2	Feb	CC	2	
499	Gyrista	LTCC3Feb	0.086121599	LT	CC3	Feb	CC	2	
414	Haptophyta_X	LTCC1Feb	0.069680563	LT	CC1	Feb	CC	2	0.070412849
458	Haptophyta_X	LTCC2Feb	0.068214459	LT	CC2	Feb	CC	2	
502	Haptophyta_X	LTCC3Feb	0.073343527	LT	CC3	Feb	CC	2	
418	others	LTCC1Feb	0.003856241	LT	CC1	Feb	CC	2	0.002306244
462	others	LTCC2Feb	0.001586788	LT	CC2	Feb	CC	2	
506	others	LTCC3Feb	0.001475703	LT	CC3	Feb	CC	2	
413	Picozoa_X	LTCC1Feb	0.066947992	LT	CC1	Feb	CC	2	0.098227393
457	Picozoa_X	LTCC2Feb	0.098432267	LT	CC2	Feb	CC	2	
501	Picozoa_X	LTCC3Feb	0.129301921	LT	CC3	Feb	CC	2	
412	Rhodophyta_X	LTCC1Feb	0.083798847	LT	CC1	Feb	CC	2	0.059464361
456	Rhodophyta_X	LTCC2Feb	0.049365727	LT	CC2	Feb	CC	2	
500	Rhodophyta_X	LTCC3Feb	0.045228508	LT	CC3	Feb	CC	2	
547	Cercozoa	LTCMW1Feb	0.008336384	LT	CMW1	Feb	CMW	2	0.005895577
591	Cercozoa	LTCMW2Feb	0.006705622	LT	CMW2	Feb	CMW	2	
635	Cercozoa	LTCMW3Feb	0.002644726	LT	CMW3	Feb	CMW	2	
540	Chlorophyta_X	LTCMW1Feb	0.032912477	LT	CMW1	Feb	CMW	2	0.378157417
584	Chlorophyta_X	LTCMW2Feb	0.533499268	LT	CMW2	Feb	CMW	2	
628	Chlorophyta_X	LTCMW3Feb	0.568060507	LT	CMW3	Feb	CMW	2	
548	Ciliophora	LTCMW1Feb	0.00880447	LT	CMW1	Feb	CMW	2	0.004274693
592	Ciliophora	LTCMW2Feb	0.00198802	LT	CMW2	Feb	CMW	2	
636	Ciliophora	LTCMW3Feb	0.002031589	LT	CMW3	Feb	CMW	2	
541	Cryptophyta_X	LTCMW1Feb	0.054649628	LT	CMW1	Feb	CMW	2	0.04724095
585	Cryptophyta_X	LTCMW2Feb	0.061870537	LT	CMW2	Feb	CMW	2	
629	Cryptophyta_X	LTCMW3Feb	0.025202684	LT	CMW3	Feb	CMW	2	
549	Cryptophyta_X:nucl	LTCMW1Feb	0.002273559	LT	CMW1	Feb	CMW	2	0.000980779
593	Cryptophyta_X:nucl	LTCMW2Feb	0.000357633	LT	CMW2	Feb	CMW	2	
637	Cryptophyta_X:nucl	LTCMW3Feb	0.000311144	LT	CMW3	Feb	CMW	2	
542	Dinoflagellata	LTCMW1Feb	0.070867501	LT	CMW1	Feb	CMW	2	0.094034294
586	Dinoflagellata	LTCMW2Feb	0.092603179	LT	CMW2	Feb	CMW	2	
630	Dinoflagellata	LTCMW3Feb	0.118632201	LT	CMW3	Feb	CMW	2	
543	Gyrista	LTCMW1Feb	0.344125927	LT	CMW1	Feb	CMW	2	0.249932149
587	Gyrista	LTCMW2Feb	0.210135027	LT	CMW2	Feb	CMW	2	
631	Gyrista	LTCMW3Feb	0.195535494	LT	CMW3	Feb	CMW	2	
546	Haptophyta_X	LTCMW1Feb	0.046770362	LT	CMW1	Feb	CMW	2	0.033630283
590	Haptophyta_X	LTCMW2Feb	0.020116865	LT	CMW2	Feb	CMW	2	
634	Haptophyta_X	LTCMW3Feb	0.034003622	LT	CMW3	Feb	CMW	2	
550	others	LTCMW1Feb	0.101196633	LT	CMW1	Feb	CMW	2	0.034922223
594	others	LTCMW2Feb	0.002353138	LT	CMW2	Feb	CMW	2	
638	others	LTCMW3Feb	0.001216899	LT	CMW3	Feb	CMW	2	
545	Picozoa_X	LTCMW1Feb	0.264995961	LT	CMW1	Feb	CMW	2	0.124622971
589	Picozoa_X	LTCMW2Feb	0.065312756	LT	CMW2	Feb	CMW	2	
633	Picozoa_X	LTCMW3Feb	0.043560195	LT	CMW3	Feb	CMW	2	
544	Rhodophyta_X	LTCMW1Feb	0.0650671	LT	CMW1	Feb	CMW	2	0.026308664
588	Rhodophyta_X	LTCMW2Feb	0.005057955	LT	CMW2	Feb	CMW	2	
632	Rhodophyta_X	LTCMW3Feb	0.008800937	LT	CMW3	Feb	CMW	2	
932	Cercozoa	SKLKW1Feb	0.000187806	SK	LKW1	Feb	LKW	2	0.000140316
976	Cercozoa	SKLKW2Feb	4.00E-05	SK	LKW2	Feb	LKW	2	
1020	Cercozoa	SKLKW3Feb	0.000193092	SK	LKW3	Feb	LKW	2	
925	Chlorophyta_X	SKLKW1Feb	0.949697298	SK	LKW1	Feb	LKW	2	0.959766704
969	Chlorophyta_X	SKLKW2Feb	0.961419711	SK	LKW2	Feb	LKW	2	
1013	Chlorophyta_X	SKLKW3Feb	0.968183103	SK	LKW3	Feb	LKW	2	
933	Ciliophora	SKLKW1Feb	0.000139197	SK	LKW1	Feb	LKW	2	0.000404987
977	Ciliophora	SKLKW2Feb	0.000353375	SK	LKW2	Feb	LKW	2	
1021	Ciliophora	SKLKW3Feb	0.00072239	SK	LKW3	Feb	LKW	2	
926	Cryptophyta_X	SKLKW1Feb	0.032678241	SK	LKW1	Feb	LKW	2	0.023444582
970	Cryptophyta_X	SKLKW2Feb	0.020611959	SK	LKW2	Feb	LKW	2	
1014	Cryptophyta_X	SKLKW3Feb	0.017043548	SK	LKW3	Feb	LKW	2	
934	Cryptophyta_X:nucl	SKLKW1Feb	0.000350571	SK	LKW1	Feb	LKW	2	0.000771306
978	Cryptophyta_X:nucl	SKLKW2Feb	0.000907781	SK	LKW2	Feb	LKW	2	
1022	Cryptophyta_X:nucl	SKLKW3Feb	0.001055567	SK	LKW3	Feb	LKW	2	
927	Dinoflagellata	SKLKW1Feb	0.003205358	SK	LKW1	Feb	LKW	2	0.00461572
971	Dinoflagellata	SKLKW2Feb	0.006119683	SK	LKW2	Feb	LKW	2	
1015	Dinoflagellata	SKLKW3Feb	0.00452212	SK	LKW3	Feb	LKW	2	
928	Gyrista	SKLKW1Feb	0.000758522	SK	LKW1	Feb	LKW	2	0.000801168
972	Gyrista	SKLKW2Feb	0.001163027	SK	LKW2	Feb	LKW	2	
1016	Gyrista	SKLKW3Feb	0.000481957	SK	LKW3	Feb	LKW	2	
931	Haptophyta_X	SKLKW1Feb	0.006664429	SK	LKW1	Feb	LKW	2	0.005618686
975	Haptophyta_X	SKLKW2Feb	0.005458126	SK	LKW2	Feb	LKW	2	
1019	Haptophyta_X	SKLKW3Feb	0.004733501	SK	LKW3	Feb	LKW	2	
935	others	SKLKW1Feb	8.30E-06	SK	LKW1	Feb	LKW	2	4.20433E-06
979	others	SKLKW2Feb	1.47E-06	SK	LKW2	Feb	LKW	2	
1023	others	SKLKW3Feb	2.84E-06	SK	LKW3	Feb	LKW	2	
930	Picozoa_X	SKLKW1Feb	0.002704406	SK	LKW1	Feb	LKW	2	0.002228327
974	Picozoa_X	SKLKW2Feb	0.002242752	SK	LKW2	Feb	LKW	2	
1018	Picozoa_X	SKLKW3Feb	0.001737824	SK	LKW3	Feb	LKW	2	
929	Rhodophyta_X	SKLKW1Feb	0.003605875	SK	LKW1	Feb	LKW	2	0.002203998
973	Rhodophyta_X	SKLKW2Feb	0.001682064	SK	LKW2	Feb	LKW	2	
1017	Rhodophyta_X	SKLKW3Feb	0.001324056	SK	LKW3	Feb	LKW	2	
679	Cercozoa	LTPC1Feb	0	LT	PC1	Feb	PC	2	4.3678E-05
756	Cercozoa	LTPC3Feb	8.74E-05	LT	PC3	Feb	PC	2	
672	Chlorophyta_X	LTPC1Feb	0.028926722	LT	PC1	Feb	PC	2	0.447587247
749	Chlorophyta_X	LTPC3Feb	0.866247772	LT	PC3	Feb	PC	2	
680	Ciliophora	LTPC1Feb	0.001639921	LT	PC1	Feb	PC	2	0.001783446
757	Ciliophora	LTPC3Feb	0.001926972	LT	PC3	Feb	PC	2	
673	Cryptophyta_X	LTPC1Feb	0.037171536	LT	PC1	Feb	PC	2	0.029126734
750	Cryptophyta_X	LTPC3Feb	0.021081932	LT	PC3	Feb	PC	2	
681	Cryptophyta_X:nucl	LTPC1Feb	0	LT	PC1	Feb	PC	2	0.000145593
758	Cryptophyta_X:nucl	LTPC3Feb	0.000291187	LT	PC3	Feb	PC	2	
674	Dinoflagellata	LTPC1Feb	0.142949863	LT	PC1	Feb	PC	2	0.101239614
751	Dinoflagellata	LTPC3Feb	0.059529365	LT	PC3	Feb	PC	2	
675	Gyrista	LTPC1Feb	0.082889731	LT	PC1	Feb	PC	2	0.046087217
752	Gyrista	LTPC3Feb	0.009284703	LT	PC3	Feb	PC	2	
678	Haptophyta_X	LTPC1Feb	0.020961393	LT	PC1	Feb	PC	2	0.013475762
755	Haptophyta_X	LTPC3Feb	0.005990131	LT	PC3	Feb	PC	2	
682	others	LTPC1Feb	0.000163033	LT	PC1	Feb	PC	2	0.000490429
759	others	LTPC3Feb	0.000817824	LT	PC3	Feb	PC	2	
677	Picozoa_X	LTPC1Feb	0.314001663	LT	PC1	Feb	PC	2	0.168269765
754	Picozoa_X	LTPC3Feb	0.022537867	LT	PC3	Feb	PC	2	
676	Rhodophyta_X	LTPC1Feb	0.371296137	LT	PC1	Feb	PC	2	0.191750514
753	Rhodophyta_X	LTPC3Feb	0.012204891	LT	PC3	Feb	PC	2	
1064	Cercozoa	SKSha1Feb	3.78E-05	SK	Sha1	Feb	Sha	2	2.54079E-05
1108	Cercozoa	SKSha2Feb	0	SK	Sha2	Feb	Sha	2	
1152	Cercozoa	SKSha3Feb	3.85E-05	SK	Sha3	Feb	Sha	2	
1057	Chlorophyta_X	SKSha1Feb	0.952356252	SK	Sha1	Feb	Sha	2	0.933655548
1101	Chlorophyta_X	SKSha2Feb	0.937219683	SK	Sha2	Feb	Sha	2	
1145	Chlorophyta_X	SKSha3Feb	0.911390709	SK	Sha3	Feb	Sha	2	
1065	Ciliophora	SKSha1Feb	0.00144647	SK	Sha1	Feb	Sha	2	0.001799894
1109	Ciliophora	SKSha2Feb	0.002792893	SK	Sha2	Feb	Sha	2	
1153	Ciliophora	SKSha3Feb	0.001160319	SK	Sha3	Feb	Sha	2	
1058	Cryptophyta_X	SKSha1Feb	0.008889162	SK	Sha1	Feb	Sha	2	0.009096576
1102	Cryptophyta_X	SKSha2Feb	0.007993128	SK	Sha2	Feb	Sha	2	
1146	Cryptophyta_X	SKSha3Feb	0.01040744	SK	Sha3	Feb	Sha	2	
1066	Cryptophyta_X:nucl	SKSha1Feb	0	SK	Sha1	Feb	Sha	2	7.6209E-05
1110	Cryptophyta_X:nucl	SKSha2Feb	4.92E-05	SK	Sha2	Feb	Sha	2	
1154	Cryptophyta_X:nucl	SKSha3Feb	0.000179439	SK	Sha3	Feb	Sha	2	
1059	Dinoflagellata	SKSha1Feb	0.003560893	SK	Sha1	Feb	Sha	2	0.003424356
1103	Dinoflagellata	SKSha2Feb	0.002363854	SK	Sha2	Feb	Sha	2	
1147	Dinoflagellata	SKSha3Feb	0.004348322	SK	Sha3	Feb	Sha	2	
1060	Gyrista	SKSha1Feb	0.000236996	SK	Sha1	Feb	Sha	2	0.000210023
1104	Gyrista	SKSha2Feb	8.85E-05	SK	Sha2	Feb	Sha	2	
1148	Gyrista	SKSha3Feb	0.000304533	SK	Sha3	Feb	Sha	2	
1063	Haptophyta_X	SKSha1Feb	0.031437631	SK	Sha1	Feb	Sha	2	0.049508929
1107	Haptophyta_X	SKSha2Feb	0.0478112	SK	Sha2	Feb	Sha	2	
1151	Haptophyta_X	SKSha3Feb	0.069277954	SK	Sha3	Feb	Sha	2	
1067	others	SKSha1Feb	5.45E-05	SK	Sha1	Feb	Sha	2	4.25631E-05
1111	others	SKSha2Feb	4.78E-05	SK	Sha2	Feb	Sha	2	
1155	others	SKSha3Feb	2.55E-05	SK	Sha3	Feb	Sha	2	
1062	Picozoa_X	SKSha1Feb	0.001624224	SK	Sha1	Feb	Sha	2	0.001802315
1106	Picozoa_X	SKSha2Feb	0.001475654	SK	Sha2	Feb	Sha	2	
1150	Picozoa_X	SKSha3Feb	0.002307068	SK	Sha3	Feb	Sha	2	
1061	Rhodophyta_X	SKSha1Feb	0.000356142	SK	Sha1	Feb	Sha	2	0.000358179
1105	Rhodophyta_X	SKSha2Feb	0.000158106	SK	Sha2	Feb	Sha	2	
1149	Rhodophyta_X	SKSha3Feb	0.000560288	SK	Sha3	Feb	Sha	2	
151	Cercozoa	HKSta1Feb	0.006326989	HK	Sta1	Feb	Sta	2	0.005652456
195	Cercozoa	HKSta2Feb	0.006811412	HK	Sta2	Feb	Sta	2	
239	Cercozoa	HKSta3Feb	0.003818966	HK	Sta3	Feb	Sta	2	
144	Chlorophyta_X	HKSta1Feb	0.390974021	HK	Sta1	Feb	Sta	2	0.3328013
188	Chlorophyta_X	HKSta2Feb	0.218713704	HK	Sta2	Feb	Sta	2	
232	Chlorophyta_X	HKSta3Feb	0.388716174	HK	Sta3	Feb	Sta	2	
152	Ciliophora	HKSta1Feb	0.002477295	HK	Sta1	Feb	Sta	2	0.003629976
196	Ciliophora	HKSta2Feb	0.003975892	HK	Sta2	Feb	Sta	2	
240	Ciliophora	HKSta3Feb	0.00443674	HK	Sta3	Feb	Sta	2	
145	Cryptophyta_X	HKSta1Feb	0.008963234	HK	Sta1	Feb	Sta	2	0.026366458
189	Cryptophyta_X	HKSta2Feb	0.007335367	HK	Sta2	Feb	Sta	2	
233	Cryptophyta_X	HKSta3Feb	0.062800773	HK	Sta3	Feb	Sta	2	
153	Cryptophyta_X:nucl	HKSta1Feb	0.000131812	HK	Sta1	Feb	Sta	2	4.39374E-05
197	Cryptophyta_X:nucl	HKSta2Feb	0	HK	Sta2	Feb	Sta	2	
241	Cryptophyta_X:nucl	HKSta3Feb	0	HK	Sta3	Feb	Sta	2	
146	Dinoflagellata	HKSta1Feb	0.180725367	HK	Sta1	Feb	Sta	2	0.352923505
190	Dinoflagellata	HKSta2Feb	0.557635983	HK	Sta2	Feb	Sta	2	
234	Dinoflagellata	HKSta3Feb	0.320409165	HK	Sta3	Feb	Sta	2	
147	Gyrista	HKSta1Feb	0.056800543	HK	Sta1	Feb	Sta	2	0.051052922
191	Gyrista	HKSta2Feb	0.048970313	HK	Sta2	Feb	Sta	2	
235	Gyrista	HKSta3Feb	0.047387911	HK	Sta3	Feb	Sta	2	
150	Haptophyta_X	HKSta1Feb	0.064908128	HK	Sta1	Feb	Sta	2	0.050397153
194	Haptophyta_X	HKSta2Feb	0.030089976	HK	Sta2	Feb	Sta	2	
238	Haptophyta_X	HKSta3Feb	0.056193356	HK	Sta3	Feb	Sta	2	
154	others	HKSta1Feb	0.001944433	HK	Sta1	Feb	Sta	2	0.001372187
198	others	HKSta2Feb	0.000867901	HK	Sta2	Feb	Sta	2	
242	others	HKSta3Feb	0.001304228	HK	Sta3	Feb	Sta	2	
149	Picozoa_X	HKSta1Feb	0.060501832	HK	Sta1	Feb	Sta	2	0.061433635
193	Picozoa_X	HKSta2Feb	0.042964294	HK	Sta2	Feb	Sta	2	
237	Picozoa_X	HKSta3Feb	0.080834779	HK	Sta3	Feb	Sta	2	
148	Rhodophyta_X	HKSta1Feb	0.226246345	HK	Sta1	Feb	Sta	2	0.114326471
192	Rhodophyta_X	HKSta2Feb	0.082635157	HK	Sta2	Feb	Sta	2	
236	Rhodophyta_X	HKSta3Feb	0.03409791	HK	Sta3	Feb	Sta	2	
283	Cercozoa	HKSW1Feb	0.014083061	HK	SW1	Feb	SW	2	0.010493926
327	Cercozoa	HKSW2Feb	0.010738675	HK	SW2	Feb	SW	2	
371	Cercozoa	HKSW3Feb	0.006660041	HK	SW3	Feb	SW	2	
276	Chlorophyta_X	HKSW1Feb	0.241423911	HK	SW1	Feb	SW	2	0.290529209
320	Chlorophyta_X	HKSW2Feb	0.377716465	HK	SW2	Feb	SW	2	
364	Chlorophyta_X	HKSW3Feb	0.25244725	HK	SW3	Feb	SW	2	
284	Ciliophora	HKSW1Feb	0.004142077	HK	SW1	Feb	SW	2	0.003609166
328	Ciliophora	HKSW2Feb	0.002571868	HK	SW2	Feb	SW	2	
372	Ciliophora	HKSW3Feb	0.004113554	HK	SW3	Feb	SW	2	
277	Cryptophyta_X	HKSW1Feb	0.013481221	HK	SW1	Feb	SW	2	0.03382103
321	Cryptophyta_X	HKSW2Feb	0.011761406	HK	SW2	Feb	SW	2	
365	Cryptophyta_X	HKSW3Feb	0.076220464	HK	SW3	Feb	SW	2	
285	Cryptophyta_X:nucl	HKSW1Feb	0.000240736	HK	SW1	Feb	SW	2	0.000247696
329	Cryptophyta_X:nucl	HKSW2Feb	0.000255683	HK	SW2	Feb	SW	2	
373	Cryptophyta_X:nucl	HKSW3Feb	0.000246668	HK	SW3	Feb	SW	2	
278	Dinoflagellata	HKSW1Feb	0.352370915	HK	SW1	Feb	SW	2	0.371476087
322	Dinoflagellata	HKSW2Feb	0.387767894	HK	SW2	Feb	SW	2	
366	Dinoflagellata	HKSW3Feb	0.374289451	HK	SW3	Feb	SW	2	
279	Gyrista	HKSW1Feb	0.201310399	HK	SW1	Feb	SW	2	0.140390792
323	Gyrista	HKSW2Feb	0.115267625	HK	SW2	Feb	SW	2	
367	Gyrista	HKSW3Feb	0.104594351	HK	SW3	Feb	SW	2	
282	Haptophyta_X	HKSW1Feb	0.040546836	HK	SW1	Feb	SW	2	0.035661313
326	Haptophyta_X	HKSW2Feb	0.022353977	HK	SW2	Feb	SW	2	
370	Haptophyta_X	HKSW3Feb	0.044083125	HK	SW3	Feb	SW	2	
286	others	HKSW1Feb	0.004054114	HK	SW1	Feb	SW	2	0.003288242
330	others	HKSW2Feb	0.003463482	HK	SW2	Feb	SW	2	
374	others	HKSW3Feb	0.002347131	HK	SW3	Feb	SW	2	
281	Picozoa_X	HKSW1Feb	0.079442911	HK	SW1	Feb	SW	2	0.082511531
325	Picozoa_X	HKSW2Feb	0.055610997	HK	SW2	Feb	SW	2	
369	Picozoa_X	HKSW3Feb	0.112480684	HK	SW3	Feb	SW	2	
280	Rhodophyta_X	HKSW1Feb	0.048903818	HK	SW1	Feb	SW	2	0.027971009
324	Rhodophyta_X	HKSW2Feb	0.012491928	HK	SW2	Feb	SW	2	
368	Rhodophyta_X	HKSW3Feb	0.02251728	HK	SW3	Feb	SW	2	
30	Cercozoa	HKBea1May	0.000311657	HK	Bea1	May	Bea	5	0.002575951
74	Cercozoa	HKBea2May	0.003502853	HK	Bea2	May	Bea	5	
118	Cercozoa	HKBea3May	0.003913342	HK	Bea3	May	Bea	5	
23	Chlorophyta_X	HKBea1May	0.504350627	HK	Bea1	May	Bea	5	0.502421654
67	Chlorophyta_X	HKBea2May	0.46971592	HK	Bea2	May	Bea	5	
111	Chlorophyta_X	HKBea3May	0.533198416	HK	Bea3	May	Bea	5	
31	Ciliophora	HKBea1May	0.003932382	HK	Bea1	May	Bea	5	0.003170768
75	Ciliophora	HKBea2May	0.001270643	HK	Bea2	May	Bea	5	
119	Ciliophora	HKBea3May	0.00430928	HK	Bea3	May	Bea	5	
24	Cryptophyta_X	HKBea1May	0.070694274	HK	Bea1	May	Bea	5	0.088214251
68	Cryptophyta_X	HKBea2May	0.113907593	HK	Bea2	May	Bea	5	
112	Cryptophyta_X	HKBea3May	0.080040885	HK	Bea3	May	Bea	5	
32	Cryptophyta_X:nucl	HKBea1May	0.002389373	HK	Bea1	May	Bea	5	0.002851572
76	Cryptophyta_X:nucl	HKBea2May	0.003243382	HK	Bea2	May	Bea	5	
120	Cryptophyta_X:nucl	HKBea3May	0.002921962	HK	Bea3	May	Bea	5	
25	Dinoflagellata	HKBea1May	0.04321705	HK	Bea1	May	Bea	5	0.114964778
69	Dinoflagellata	HKBea2May	0.173486414	HK	Bea2	May	Bea	5	
113	Dinoflagellata	HKBea3May	0.12819087	HK	Bea3	May	Bea	5	
26	Gyrista	HKBea1May	0.033023212	HK	Bea1	May	Bea	5	0.061975842
70	Gyrista	HKBea2May	0.068295627	HK	Bea2	May	Bea	5	
114	Gyrista	HKBea3May	0.084608687	HK	Bea3	May	Bea	5	
29	Haptophyta_X	HKBea1May	0.031121212	HK	Bea1	May	Bea	5	0.040347936
73	Haptophyta_X	HKBea2May	0.044035867	HK	Bea2	May	Bea	5	
117	Haptophyta_X	HKBea3May	0.045886728	HK	Bea3	May	Bea	5	
33	others	HKBea1May	0.003098409	HK	Bea1	May	Bea	5	0.003406636
77	others	HKBea2May	0.003611496	HK	Bea2	May	Bea	5	
121	others	HKBea3May	0.003510004	HK	Bea3	May	Bea	5	
28	Picozoa_X	HKBea1May	0.048073145	HK	Bea1	May	Bea	5	0.082946374
72	Picozoa_X	HKBea2May	0.098079887	HK	Bea2	May	Bea	5	
116	Picozoa_X	HKBea3May	0.10268609	HK	Bea3	May	Bea	5	
27	Rhodophyta_X	HKBea1May	0.259788657	HK	Bea1	May	Bea	5	0.097124237
71	Rhodophyta_X	HKBea2May	0.020850316	HK	Bea2	May	Bea	5	
115	Rhodophyta_X	HKBea3May	0.010733738	HK	Bea3	May	Bea	5	
811	Cercozoa	SKBlu1May	0	SK	Blu1	May	Blu	5	0.000429298
855	Cercozoa	SKBlu2May	0.000936155	SK	Blu2	May	Blu	5	
899	Cercozoa	SKBlu3May	0.00035174	SK	Blu3	May	Blu	5	
804	Chlorophyta_X	SKBlu1May	0.425714565	SK	Blu1	May	Blu	5	0.462479012
848	Chlorophyta_X	SKBlu2May	0.504480552	SK	Blu2	May	Blu	5	
892	Chlorophyta_X	SKBlu3May	0.457241918	SK	Blu3	May	Blu	5	
812	Ciliophora	SKBlu1May	0.000203578	SK	Blu1	May	Blu	5	0.000434398
856	Ciliophora	SKBlu2May	0.000578213	SK	Blu2	May	Blu	5	
900	Ciliophora	SKBlu3May	0.000521403	SK	Blu3	May	Blu	5	
805	Cryptophyta_X	SKBlu1May	0.207700835	SK	Blu1	May	Blu	5	0.134389619
849	Cryptophyta_X	SKBlu2May	0.083380205	SK	Blu2	May	Blu	5	
893	Cryptophyta_X	SKBlu3May	0.112087818	SK	Blu3	May	Blu	5	
813	Cryptophyta_X:nucl	SKBlu1May	0.003845362	SK	Blu1	May	Blu	5	0.002365021
857	Cryptophyta_X:nucl	SKBlu2May	0.000998565	SK	Blu2	May	Blu	5	
901	Cryptophyta_X:nucl	SKBlu3May	0.002251136	SK	Blu3	May	Blu	5	
806	Dinoflagellata	SKBlu1May	0.046766293	SK	Blu1	May	Blu	5	0.049795273
850	Dinoflagellata	SKBlu2May	0.063700259	SK	Blu2	May	Blu	5	
894	Dinoflagellata	SKBlu3May	0.038919268	SK	Blu3	May	Blu	5	
807	Gyrista	SKBlu1May	0.0049915	SK	Blu1	May	Blu	5	0.026223219
851	Gyrista	SKBlu2May	0.047971792	SK	Blu2	May	Blu	5	
895	Gyrista	SKBlu3May	0.025706366	SK	Blu3	May	Blu	5	
810	Haptophyta_X	SKBlu1May	0.153133313	SK	Blu1	May	Blu	5	0.125583592
854	Haptophyta_X	SKBlu2May	0.097654339	SK	Blu2	May	Blu	5	
898	Haptophyta_X	SKBlu3May	0.125963124	SK	Blu3	May	Blu	5	
814	others	SKBlu1May	0.000193448	SK	Blu1	May	Blu	5	0.000960459
858	others	SKBlu2May	0.001687951	SK	Blu2	May	Blu	5	
902	others	SKBlu3May	0.000999977	SK	Blu3	May	Blu	5	
809	Picozoa_X	SKBlu1May	0.127127677	SK	Blu1	May	Blu	5	0.176625411
853	Picozoa_X	SKBlu2May	0.189945848	SK	Blu2	May	Blu	5	
897	Picozoa_X	SKBlu3May	0.212802708	SK	Blu3	May	Blu	5	
808	Rhodophyta_X	SKBlu1May	0.030323428	SK	Blu1	May	Blu	5	0.020714697
852	Rhodophyta_X	SKBlu2May	0.008666121	SK	Blu2	May	Blu	5	
896	Rhodophyta_X	SKBlu3May	0.023154543	SK	Blu3	May	Blu	5	
426	Cercozoa	LTCC1May	0.019695436	LT	CC1	May	CC	5	0.01220211
470	Cercozoa	LTCC2May	0.005458648	LT	CC2	May	CC	5	
514	Cercozoa	LTCC3May	0.011452245	LT	CC3	May	CC	5	
419	Chlorophyta_X	LTCC1May	0.201134619	LT	CC1	May	CC	5	0.354445148
463	Chlorophyta_X	LTCC2May	0.369628455	LT	CC2	May	CC	5	
507	Chlorophyta_X	LTCC3May	0.49257237	LT	CC3	May	CC	5	
427	Ciliophora	LTCC1May	0.000893742	LT	CC1	May	CC	5	0.000922645
471	Ciliophora	LTCC2May	0.000682331	LT	CC2	May	CC	5	
515	Ciliophora	LTCC3May	0.001191863	LT	CC3	May	CC	5	
420	Cryptophyta_X	LTCC1May	0.080657501	LT	CC1	May	CC	5	0.081702172
464	Cryptophyta_X	LTCC2May	0.055799514	LT	CC2	May	CC	5	
508	Cryptophyta_X	LTCC3May	0.108649501	LT	CC3	May	CC	5	
428	Cryptophyta_X:nucl	LTCC1May	0.000562727	LT	CC1	May	CC	5	0.001027585
472	Cryptophyta_X:nucl	LTCC2May	0.000758146	LT	CC2	May	CC	5	
516	Cryptophyta_X:nucl	LTCC3May	0.001761884	LT	CC3	May	CC	5	
421	Dinoflagellata	LTCC1May	0.244630164	LT	CC1	May	CC	5	0.182018613
465	Dinoflagellata	LTCC2May	0.195028002	LT	CC2	May	CC	5	
509	Dinoflagellata	LTCC3May	0.106397673	LT	CC3	May	CC	5	
422	Gyrista	LTCC1May	0.354247746	LT	CC1	May	CC	5	0.273748144
466	Gyrista	LTCC2May	0.257297276	LT	CC2	May	CC	5	
510	Gyrista	LTCC3May	0.209699409	LT	CC3	May	CC	5	
425	Haptophyta_X	LTCC1May	0.032798931	LT	CC1	May	CC	5	0.029866008
469	Haptophyta_X	LTCC2May	0.037040826	LT	CC2	May	CC	5	
513	Haptophyta_X	LTCC3May	0.019758268	LT	CC3	May	CC	5	
429	others	LTCC1May	0.003398801	LT	CC1	May	CC	5	0.001936147
473	others	LTCC2May	0.000813495	LT	CC2	May	CC	5	
517	others	LTCC3May	0.001596144	LT	CC3	May	CC	5	
424	Picozoa_X	LTCC1May	0.038828146	LT	CC1	May	CC	5	0.03673477
468	Picozoa_X	LTCC2May	0.05390415	LT	CC2	May	CC	5	
512	Picozoa_X	LTCC3May	0.017472014	LT	CC3	May	CC	5	
423	Rhodophyta_X	LTCC1May	0.023152186	LT	CC1	May	CC	5	0.025396658
467	Rhodophyta_X	LTCC2May	0.023589158	LT	CC2	May	CC	5	
511	Rhodophyta_X	LTCC3May	0.029448629	LT	CC3	May	CC	5	
558	Cercozoa	LTCMW1May	0.004499926	LT	CMW1	May	CMW	5	0.009607588
602	Cercozoa	LTCMW2May	0.009921583	LT	CMW2	May	CMW	5	
646	Cercozoa	LTCMW3May	0.014401254	LT	CMW3	May	CMW	5	
551	Chlorophyta_X	LTCMW1May	0.625971867	LT	CMW1	May	CMW	5	0.454395246
595	Chlorophyta_X	LTCMW2May	0.412548859	LT	CMW2	May	CMW	5	
639	Chlorophyta_X	LTCMW3May	0.32466501	LT	CMW3	May	CMW	5	
559	Ciliophora	LTCMW1May	0.002216875	LT	CMW1	May	CMW	5	0.001685638
603	Ciliophora	LTCMW2May	0.001750868	LT	CMW2	May	CMW	5	
647	Ciliophora	LTCMW3May	0.00108917	LT	CMW3	May	CMW	5	
552	Cryptophyta_X	LTCMW1May	0.060624005	LT	CMW1	May	CMW	5	0.071254779
596	Cryptophyta_X	LTCMW2May	0.07084745	LT	CMW2	May	CMW	5	
640	Cryptophyta_X	LTCMW3May	0.082292881	LT	CMW3	May	CMW	5	
560	Cryptophyta_X:nucl	LTCMW1May	0.00062499	LT	CMW1	May	CMW	5	0.00040972
604	Cryptophyta_X:nucl	LTCMW2May	0.000146986	LT	CMW2	May	CMW	5	
648	Cryptophyta_X:nucl	LTCMW3May	0.000457183	LT	CMW3	May	CMW	5	
553	Dinoflagellata	LTCMW1May	0.169413659	LT	CMW1	May	CMW	5	0.196989453
597	Dinoflagellata	LTCMW2May	0.209561082	LT	CMW2	May	CMW	5	
641	Dinoflagellata	LTCMW3May	0.211993618	LT	CMW3	May	CMW	5	
554	Gyrista	LTCMW1May	0.056859781	LT	CMW1	May	CMW	5	0.065153085
598	Gyrista	LTCMW2May	0.035717698	LT	CMW2	May	CMW	5	
642	Gyrista	LTCMW3May	0.102881776	LT	CMW3	May	CMW	5	
557	Haptophyta_X	LTCMW1May	0.022017496	LT	CMW1	May	CMW	5	0.057565165
601	Haptophyta_X	LTCMW2May	0.074459116	LT	CMW2	May	CMW	5	
645	Haptophyta_X	LTCMW3May	0.076218883	LT	CMW3	May	CMW	5	
561	others	LTCMW1May	0.001388397	LT	CMW1	May	CMW	5	0.001453606
605	others	LTCMW2May	0.002457739	LT	CMW2	May	CMW	5	
649	others	LTCMW3May	0.000514681	LT	CMW3	May	CMW	5	
556	Picozoa_X	LTCMW1May	0.017812208	LT	CMW1	May	CMW	5	0.027511248
600	Picozoa_X	LTCMW2May	0.024032278	LT	CMW2	May	CMW	5	
644	Picozoa_X	LTCMW3May	0.040689258	LT	CMW3	May	CMW	5	
555	Rhodophyta_X	LTCMW1May	0.038570795	LT	CMW1	May	CMW	5	0.113974474
599	Rhodophyta_X	LTCMW2May	0.158556341	LT	CMW2	May	CMW	5	
643	Rhodophyta_X	LTCMW3May	0.144796284	LT	CMW3	May	CMW	5	
943	Cercozoa	SKLKW1May	0.000648467	SK	LKW1	May	LKW	5	0.000379844
987	Cercozoa	SKLKW2May	6.39E-05	SK	LKW2	May	LKW	5	
1031	Cercozoa	SKLKW3May	0.000427128	SK	LKW3	May	LKW	5	
936	Chlorophyta_X	SKLKW1May	0.187425348	SK	LKW1	May	LKW	5	0.201284796
980	Chlorophyta_X	SKLKW2May	0.168520305	SK	LKW2	May	LKW	5	
1024	Chlorophyta_X	SKLKW3May	0.247908737	SK	LKW3	May	LKW	5	
944	Ciliophora	SKLKW1May	0.000343306	SK	LKW1	May	LKW	5	0.000147598
988	Ciliophora	SKLKW2May	5.64E-05	SK	LKW2	May	LKW	5	
1032	Ciliophora	SKLKW3May	4.31E-05	SK	LKW3	May	LKW	5	
937	Cryptophyta_X	SKLKW1May	0.051747627	SK	LKW1	May	LKW	5	0.045692748
981	Cryptophyta_X	SKLKW2May	0.046034815	SK	LKW2	May	LKW	5	
1025	Cryptophyta_X	SKLKW3May	0.039295801	SK	LKW3	May	LKW	5	
945	Cryptophyta_X:nucl	SKLKW1May	0.000605235	SK	LKW1	May	LKW	5	0.000354144
989	Cryptophyta_X:nucl	SKLKW2May	0.000213124	SK	LKW2	May	LKW	5	
1033	Cryptophyta_X:nucl	SKLKW3May	0.000244073	SK	LKW3	May	LKW	5	
938	Dinoflagellata	SKLKW1May	0.033568715	SK	LKW1	May	LKW	5	0.031148707
982	Dinoflagellata	SKLKW2May	0.031696888	SK	LKW2	May	LKW	5	
1026	Dinoflagellata	SKLKW3May	0.028180517	SK	LKW3	May	LKW	5	
939	Gyrista	SKLKW1May	0.014822833	SK	LKW1	May	LKW	5	0.021279558
983	Gyrista	SKLKW2May	0.023714506	SK	LKW2	May	LKW	5	
1027	Gyrista	SKLKW3May	0.025301336	SK	LKW3	May	LKW	5	
942	Haptophyta_X	SKLKW1May	0.080317209	SK	LKW1	May	LKW	5	0.084702619
986	Haptophyta_X	SKLKW2May	0.074313344	SK	LKW2	May	LKW	5	
1030	Haptophyta_X	SKLKW3May	0.099477303	SK	LKW3	May	LKW	5	
946	others	SKLKW1May	0.01793348	SK	LKW1	May	LKW	5	0.006307164
990	others	SKLKW2May	0.000724099	SK	LKW2	May	LKW	5	
1034	others	SKLKW3May	0.000263914	SK	LKW3	May	LKW	5	
941	Picozoa_X	SKLKW1May	0.043641796	SK	LKW1	May	LKW	5	0.061039908
985	Picozoa_X	SKLKW2May	0.063937243	SK	LKW2	May	LKW	5	
1029	Picozoa_X	SKLKW3May	0.075540686	SK	LKW3	May	LKW	5	
940	Rhodophyta_X	SKLKW1May	0.568945985	SK	LKW1	May	LKW	5	0.547662914
984	Rhodophyta_X	SKLKW2May	0.590725323	SK	LKW2	May	LKW	5	
1028	Rhodophyta_X	SKLKW3May	0.483317433	SK	LKW3	May	LKW	5	
690	Cercozoa	LTPC1May	0.012463501	LT	PC1	May	PC	5	0.004520431
723	Cercozoa	LTPC2May	0.000884819	LT	PC2	May	PC	5	
767	Cercozoa	LTPC3May	0.000212973	LT	PC3	May	PC	5	
683	Chlorophyta_X	LTPC1May	0.326103127	LT	PC1	May	PC	5	0.564340413
716	Chlorophyta_X	LTPC2May	0.670313617	LT	PC2	May	PC	5	
760	Chlorophyta_X	LTPC3May	0.696604494	LT	PC3	May	PC	5	
691	Ciliophora	LTPC1May	0.001379311	LT	PC1	May	PC	5	0.000861186
724	Ciliophora	LTPC2May	0.000715662	LT	PC2	May	PC	5	
768	Ciliophora	LTPC3May	0.000488585	LT	PC3	May	PC	5	
684	Cryptophyta_X	LTPC1May	0.032179774	LT	PC1	May	PC	5	0.047299643
717	Cryptophyta_X	LTPC2May	0.048714203	LT	PC2	May	PC	5	
761	Cryptophyta_X	LTPC3May	0.061004953	LT	PC3	May	PC	5	
692	Cryptophyta_X:nucl	LTPC1May	0.001619551	LT	PC1	May	PC	5	0.001590276
725	Cryptophyta_X:nucl	LTPC2May	0.002015421	LT	PC2	May	PC	5	
769	Cryptophyta_X:nucl	LTPC3May	0.001135856	LT	PC3	May	PC	5	
685	Dinoflagellata	LTPC1May	0.066425317	LT	PC1	May	PC	5	0.048341442
718	Dinoflagellata	LTPC2May	0.039076301	LT	PC2	May	PC	5	
762	Dinoflagellata	LTPC3May	0.039522709	LT	PC3	May	PC	5	
686	Gyrista	LTPC1May	0.14822211	LT	PC1	May	PC	5	0.073334616
719	Gyrista	LTPC2May	0.052687181	LT	PC2	May	PC	5	
763	Gyrista	LTPC3May	0.019094557	LT	PC3	May	PC	5	
689	Haptophyta_X	LTPC1May	0.025621095	LT	PC1	May	PC	5	0.014949657
722	Haptophyta_X	LTPC2May	0.009796211	LT	PC2	May	PC	5	
766	Haptophyta_X	LTPC3May	0.009431665	LT	PC3	May	PC	5	
693	others	LTPC1May	0.001413273	LT	PC1	May	PC	5	0.000927898
726	others	LTPC2May	0.000907889	LT	PC2	May	PC	5	
770	others	LTPC3May	0.00046253	LT	PC3	May	PC	5	
688	Picozoa_X	LTPC1May	0.022075184	LT	PC1	May	PC	5	0.014010865
721	Picozoa_X	LTPC2May	0.004055421	LT	PC2	May	PC	5	
765	Picozoa_X	LTPC3May	0.015901989	LT	PC3	May	PC	5	
687	Rhodophyta_X	LTPC1May	0.362497757	LT	PC1	May	PC	5	0.229823573
720	Rhodophyta_X	LTPC2May	0.170833274	LT	PC2	May	PC	5	
764	Rhodophyta_X	LTPC3May	0.156139687	LT	PC3	May	PC	5	
1075	Cercozoa	SKSha1May	0.001430908	SK	Sha1	May	Sha	5	0.001154769
1119	Cercozoa	SKSha2May	0.0020334	SK	Sha2	May	Sha	5	
1163	Cercozoa	SKSha3May	0	SK	Sha3	May	Sha	5	
1068	Chlorophyta_X	SKSha1May	0.32099057	SK	Sha1	May	Sha	5	0.429232928
1112	Chlorophyta_X	SKSha2May	0.50927956	SK	Sha2	May	Sha	5	
1156	Chlorophyta_X	SKSha3May	0.457428653	SK	Sha3	May	Sha	5	
1076	Ciliophora	SKSha1May	0.001695445	SK	Sha1	May	Sha	5	0.000693394
1120	Ciliophora	SKSha2May	0.000269126	SK	Sha2	May	Sha	5	
1164	Ciliophora	SKSha3May	0.000115611	SK	Sha3	May	Sha	5	
1069	Cryptophyta_X	SKSha1May	0.109975481	SK	Sha1	May	Sha	5	0.087809812
1113	Cryptophyta_X	SKSha2May	0.066627741	SK	Sha2	May	Sha	5	
1157	Cryptophyta_X	SKSha3May	0.086826215	SK	Sha3	May	Sha	5	
1077	Cryptophyta_X:nucl	SKSha1May	0.000817662	SK	Sha1	May	Sha	5	0.000592361
1121	Cryptophyta_X:nucl	SKSha2May	0.00061002	SK	Sha2	May	Sha	5	
1165	Cryptophyta_X:nucl	SKSha3May	0.000349401	SK	Sha3	May	Sha	5	
1070	Dinoflagellata	SKSha1May	0.1892731	SK	Sha1	May	Sha	5	0.121999793
1114	Dinoflagellata	SKSha2May	0.071591152	SK	Sha2	May	Sha	5	
1158	Dinoflagellata	SKSha3May	0.105135126	SK	Sha3	May	Sha	5	
1071	Gyrista	SKSha1May	0.056516768	SK	Sha1	May	Sha	5	0.055527873
1115	Gyrista	SKSha2May	0.054654307	SK	Sha2	May	Sha	5	
1159	Gyrista	SKSha3May	0.055412545	SK	Sha3	May	Sha	5	
1074	Haptophyta_X	SKSha1May	0.090059581	SK	Sha1	May	Sha	5	0.063404449
1118	Haptophyta_X	SKSha2May	0.052984595	SK	Sha2	May	Sha	5	
1162	Haptophyta_X	SKSha3May	0.047169171	SK	Sha3	May	Sha	5	
1078	others	SKSha1May	0.003828713	SK	Sha1	May	Sha	5	0.006827293
1122	others	SKSha2May	0.00263344	SK	Sha2	May	Sha	5	
1166	others	SKSha3May	0.014019726	SK	Sha3	May	Sha	5	
1073	Picozoa_X	SKSha1May	0.214022915	SK	Sha1	May	Sha	5	0.218132672
1117	Picozoa_X	SKSha2May	0.230079213	SK	Sha2	May	Sha	5	
1161	Picozoa_X	SKSha3May	0.210295888	SK	Sha3	May	Sha	5	
1072	Rhodophyta_X	SKSha1May	0.011388858	SK	Sha1	May	Sha	5	0.014624655
1116	Rhodophyta_X	SKSha2May	0.009237446	SK	Sha2	May	Sha	5	
1160	Rhodophyta_X	SKSha3May	0.023247663	SK	Sha3	May	Sha	5	
162	Cercozoa	HKSta1May	0.001092758	HK	Sta1	May	Sta	5	0.000744073
206	Cercozoa	HKSta2May	0.000530584	HK	Sta2	May	Sta	5	
250	Cercozoa	HKSta3May	0.000608878	HK	Sta3	May	Sta	5	
155	Chlorophyta_X	HKSta1May	0.916465027	HK	Sta1	May	Sta	5	0.935651947
199	Chlorophyta_X	HKSta2May	0.939423277	HK	Sta2	May	Sta	5	
243	Chlorophyta_X	HKSta3May	0.951067537	HK	Sta3	May	Sta	5	
163	Ciliophora	HKSta1May	0.000520667	HK	Sta1	May	Sta	5	0.000447959
207	Ciliophora	HKSta2May	0.000493699	HK	Sta2	May	Sta	5	
251	Ciliophora	HKSta3May	0.00032951	HK	Sta3	May	Sta	5	
156	Cryptophyta_X	HKSta1May	0.022729369	HK	Sta1	May	Sta	5	0.017559026
200	Cryptophyta_X	HKSta2May	0.016850065	HK	Sta2	May	Sta	5	
244	Cryptophyta_X	HKSta3May	0.013097644	HK	Sta3	May	Sta	5	
164	Cryptophyta_X:nucl	HKSta1May	0.000582804	HK	Sta1	May	Sta	5	0.000341464
208	Cryptophyta_X:nucl	HKSta2May	0.000225096	HK	Sta2	May	Sta	5	
252	Cryptophyta_X:nucl	HKSta3May	0.00021649	HK	Sta3	May	Sta	5	
157	Dinoflagellata	HKSta1May	0.022429455	HK	Sta1	May	Sta	5	0.014558979
201	Dinoflagellata	HKSta2May	0.014612035	HK	Sta2	May	Sta	5	
245	Dinoflagellata	HKSta3May	0.006635447	HK	Sta3	May	Sta	5	
158	Gyrista	HKSta1May	0.004730082	HK	Sta1	May	Sta	5	0.003560126
202	Gyrista	HKSta2May	0.002867635	HK	Sta2	May	Sta	5	
246	Gyrista	HKSta3May	0.003082663	HK	Sta3	May	Sta	5	
161	Haptophyta_X	HKSta1May	0.020606296	HK	Sta1	May	Sta	5	0.019219883
205	Haptophyta_X	HKSta2May	0.017778013	HK	Sta2	May	Sta	5	
249	Haptophyta_X	HKSta3May	0.01927534	HK	Sta3	May	Sta	5	
165	others	HKSta1May	0.000181344	HK	Sta1	May	Sta	5	0.000464766
209	others	HKSta2May	0.001017964	HK	Sta2	May	Sta	5	
253	others	HKSta3May	0.00019499	HK	Sta3	May	Sta	5	
160	Picozoa_X	HKSta1May	0.0067751	HK	Sta1	May	Sta	5	0.004859028
204	Picozoa_X	HKSta2May	0.004919962	HK	Sta2	May	Sta	5	
248	Picozoa_X	HKSta3May	0.002882023	HK	Sta3	May	Sta	5	
159	Rhodophyta_X	HKSta1May	0.003887097	HK	Sta1	May	Sta	5	0.002592748
203	Rhodophyta_X	HKSta2May	0.001281671	HK	Sta2	May	Sta	5	
247	Rhodophyta_X	HKSta3May	0.002609477	HK	Sta3	May	Sta	5	
294	Cercozoa	HKSW1May	0.000613972	HK	SW1	May	SW	5	0.000785651
338	Cercozoa	HKSW2May	0.001393839	HK	SW2	May	SW	5	
382	Cercozoa	HKSW3May	0.000349141	HK	SW3	May	SW	5	
287	Chlorophyta_X	HKSW1May	0.778933197	HK	SW1	May	SW	5	0.692033694
331	Chlorophyta_X	HKSW2May	0.701034598	HK	SW2	May	SW	5	
375	Chlorophyta_X	HKSW3May	0.596133288	HK	SW3	May	SW	5	
295	Ciliophora	HKSW1May	0.000216696	HK	SW1	May	SW	5	0.000170285
339	Ciliophora	HKSW2May	0.000109321	HK	SW2	May	SW	5	
383	Ciliophora	HKSW3May	0.000184839	HK	SW3	May	SW	5	
288	Cryptophyta_X	HKSW1May	0.1106173	HK	SW1	May	SW	5	0.109819647
332	Cryptophyta_X	HKSW2May	0.081978377	HK	SW2	May	SW	5	
376	Cryptophyta_X	HKSW3May	0.136863265	HK	SW3	May	SW	5	
296	Cryptophyta_X:nucl	HKSW1May	0.002507053	HK	SW1	May	SW	5	0.003075132
340	Cryptophyta_X:nucl	HKSW2May	0.002994172	HK	SW2	May	SW	5	
384	Cryptophyta_X:nucl	HKSW3May	0.00372417	HK	SW3	May	SW	5	
289	Dinoflagellata	HKSW1May	0.044961775	HK	SW1	May	SW	5	0.111896396
333	Dinoflagellata	HKSW2May	0.133682282	HK	SW2	May	SW	5	
377	Dinoflagellata	HKSW3May	0.157045132	HK	SW3	May	SW	5	
290	Gyrista	HKSW1May	0.022300342	HK	SW1	May	SW	5	0.028503014
334	Gyrista	HKSW2May	0.037986756	HK	SW2	May	SW	5	
378	Gyrista	HKSW3May	0.025221945	HK	SW3	May	SW	5	
293	Haptophyta_X	HKSW1May	0.014669547	HK	SW1	May	SW	5	0.015530774
337	Haptophyta_X	HKSW2May	0.007832047	HK	SW2	May	SW	5	
381	Haptophyta_X	HKSW3May	0.024090728	HK	SW3	May	SW	5	
297	others	HKSW1May	0.000412924	HK	SW1	May	SW	5	0.001549206
341	others	HKSW2May	0.000841814	HK	SW2	May	SW	5	
385	others	HKSW3May	0.003392879	HK	SW3	May	SW	5	
292	Picozoa_X	HKSW1May	0.013123653	HK	SW1	May	SW	5	0.019137386
336	Picozoa_X	HKSW2May	0.016880938	HK	SW2	May	SW	5	
380	Picozoa_X	HKSW3May	0.027407567	HK	SW3	May	SW	5	
291	Rhodophyta_X	HKSW1May	0.011643542	HK	SW1	May	SW	5	0.017498814
335	Rhodophyta_X	HKSW2May	0.015265855	HK	SW2	May	SW	5	
379	Rhodophyta_X	HKSW3May	0.025587046	HK	SW3	May	SW	5	
8	Cercozoa	HKBea1Aug	0.084010639	HK	Bea1	Aug	Bea	8	0.044920769
52	Cercozoa	HKBea2Aug	0.025635358	HK	Bea2	Aug	Bea	8	
96	Cercozoa	HKBea3Aug	0.02511631	HK	Bea3	Aug	Bea	8	
1	Chlorophyta_X	HKBea1Aug	0.172492432	HK	Bea1	Aug	Bea	8	0.169436489
45	Chlorophyta_X	HKBea2Aug	0.145650689	HK	Bea2	Aug	Bea	8	
89	Chlorophyta_X	HKBea3Aug	0.190166346	HK	Bea3	Aug	Bea	8	
9	Ciliophora	HKBea1Aug	0.002228656	HK	Bea1	Aug	Bea	8	0.002198434
53	Ciliophora	HKBea2Aug	0.001809555	HK	Bea2	Aug	Bea	8	
97	Ciliophora	HKBea3Aug	0.00255709	HK	Bea3	Aug	Bea	8	
2	Cryptophyta_X	HKBea1Aug	0.175891555	HK	Bea1	Aug	Bea	8	0.178535607
46	Cryptophyta_X	HKBea2Aug	0.184330434	HK	Bea2	Aug	Bea	8	
90	Cryptophyta_X	HKBea3Aug	0.17538483	HK	Bea3	Aug	Bea	8	
10	Cryptophyta_X:nucl	HKBea1Aug	0.001464238	HK	Bea1	Aug	Bea	8	0.000865513
54	Cryptophyta_X:nucl	HKBea2Aug	0.000488293	HK	Bea2	Aug	Bea	8	
98	Cryptophyta_X:nucl	HKBea3Aug	0.000644008	HK	Bea3	Aug	Bea	8	
3	Dinoflagellata	HKBea1Aug	0.254064143	HK	Bea1	Aug	Bea	8	0.30816831
47	Dinoflagellata	HKBea2Aug	0.358807443	HK	Bea2	Aug	Bea	8	
91	Dinoflagellata	HKBea3Aug	0.311633344	HK	Bea3	Aug	Bea	8	
4	Gyrista	HKBea1Aug	0.202811566	HK	Bea1	Aug	Bea	8	0.192671191
48	Gyrista	HKBea2Aug	0.205493033	HK	Bea2	Aug	Bea	8	
92	Gyrista	HKBea3Aug	0.169708974	HK	Bea3	Aug	Bea	8	
7	Haptophyta_X	HKBea1Aug	0.035769236	HK	Bea1	Aug	Bea	8	0.0262791
51	Haptophyta_X	HKBea2Aug	0.013811703	HK	Bea2	Aug	Bea	8	
95	Haptophyta_X	HKBea3Aug	0.029256361	HK	Bea3	Aug	Bea	8	
11	others	HKBea1Aug	0.009730331	HK	Bea1	Aug	Bea	8	0.01121702
55	others	HKBea2Aug	0.007784971	HK	Bea2	Aug	Bea	8	
99	others	HKBea3Aug	0.016135757	HK	Bea3	Aug	Bea	8	
6	Picozoa_X	HKBea1Aug	0.058477994	HK	Bea1	Aug	Bea	8	0.044054037
50	Picozoa_X	HKBea2Aug	0.039551696	HK	Bea2	Aug	Bea	8	
94	Picozoa_X	HKBea3Aug	0.034132421	HK	Bea3	Aug	Bea	8	
5	Rhodophyta_X	HKBea1Aug	0.003059211	HK	Bea1	Aug	Bea	8	0.021653531
49	Rhodophyta_X	HKBea2Aug	0.016636824	HK	Bea2	Aug	Bea	8	
93	Rhodophyta_X	HKBea3Aug	0.045264558	HK	Bea3	Aug	Bea	8	
789	Cercozoa	SKBlu1Aug	0.000510621	SK	Blu1	Aug	Blu	8	0.000434366
833	Cercozoa	SKBlu2Aug	0.000792478	SK	Blu2	Aug	Blu	8	
877	Cercozoa	SKBlu3Aug	0	SK	Blu3	Aug	Blu	8	
782	Chlorophyta_X	SKBlu1Aug	0.356705234	SK	Blu1	Aug	Blu	8	0.255641231
826	Chlorophyta_X	SKBlu2Aug	0.177741558	SK	Blu2	Aug	Blu	8	
870	Chlorophyta_X	SKBlu3Aug	0.232476902	SK	Blu3	Aug	Blu	8	
790	Ciliophora	SKBlu1Aug	0.018352319	SK	Blu1	Aug	Blu	8	0.008825384
834	Ciliophora	SKBlu2Aug	0.003263146	SK	Blu2	Aug	Blu	8	
878	Ciliophora	SKBlu3Aug	0.004860687	SK	Blu3	Aug	Blu	8	
783	Cryptophyta_X	SKBlu1Aug	0.335534726	SK	Blu1	Aug	Blu	8	0.277435268
827	Cryptophyta_X	SKBlu2Aug	0.166244334	SK	Blu2	Aug	Blu	8	
871	Cryptophyta_X	SKBlu3Aug	0.330526745	SK	Blu3	Aug	Blu	8	
791	Cryptophyta_X:nucl	SKBlu1Aug	0.000453885	SK	Blu1	Aug	Blu	8	0.000518531
835	Cryptophyta_X:nucl	SKBlu2Aug	0.000352213	SK	Blu2	Aug	Blu	8	
879	Cryptophyta_X:nucl	SKBlu3Aug	0.000749494	SK	Blu3	Aug	Blu	8	
784	Dinoflagellata	SKBlu1Aug	0.148196642	SK	Blu1	Aug	Blu	8	0.228275049
828	Dinoflagellata	SKBlu2Aug	0.25929545	SK	Blu2	Aug	Blu	8	
872	Dinoflagellata	SKBlu3Aug	0.277333055	SK	Blu3	Aug	Blu	8	
785	Gyrista	SKBlu1Aug	0.016789218	SK	Blu1	Aug	Blu	8	0.022496875
829	Gyrista	SKBlu2Aug	0.030503621	SK	Blu2	Aug	Blu	8	
873	Gyrista	SKBlu3Aug	0.020197786	SK	Blu3	Aug	Blu	8	
788	Haptophyta_X	SKBlu1Aug	0.07163283	SK	Blu1	Aug	Blu	8	0.101602139
832	Haptophyta_X	SKBlu2Aug	0.151023719	SK	Blu2	Aug	Blu	8	
876	Haptophyta_X	SKBlu3Aug	0.082149869	SK	Blu3	Aug	Blu	8	
792	others	SKBlu1Aug	0.008154273	SK	Blu1	Aug	Blu	8	0.008085888
836	others	SKBlu2Aug	0.012097854	SK	Blu2	Aug	Blu	8	
880	others	SKBlu3Aug	0.004005538	SK	Blu3	Aug	Blu	8	
787	Picozoa_X	SKBlu1Aug	0.039147609	SK	Blu1	Aug	Blu	8	0.065933647
831	Picozoa_X	SKBlu2Aug	0.116494308	SK	Blu2	Aug	Blu	8	
875	Picozoa_X	SKBlu3Aug	0.042159024	SK	Blu3	Aug	Blu	8	
786	Rhodophyta_X	SKBlu1Aug	0.004522643	SK	Blu1	Aug	Blu	8	0.030751621
830	Rhodophyta_X	SKBlu2Aug	0.082191319	SK	Blu2	Aug	Blu	8	
874	Rhodophyta_X	SKBlu3Aug	0.0055409	SK	Blu3	Aug	Blu	8	
404	Cercozoa	LTCC1Aug	0.014033644	LT	CC1	Aug	CC	8	0.016131322
448	Cercozoa	LTCC2Aug	0.018346105	LT	CC2	Aug	CC	8	
492	Cercozoa	LTCC3Aug	0.016014218	LT	CC3	Aug	CC	8	
397	Chlorophyta_X	LTCC1Aug	0.030358495	LT	CC1	Aug	CC	8	0.046804384
441	Chlorophyta_X	LTCC2Aug	0.041671867	LT	CC2	Aug	CC	8	
485	Chlorophyta_X	LTCC3Aug	0.068382789	LT	CC3	Aug	CC	8	
405	Ciliophora	LTCC1Aug	0.002948244	LT	CC1	Aug	CC	8	0.002927754
449	Ciliophora	LTCC2Aug	0.003831098	LT	CC2	Aug	CC	8	
493	Ciliophora	LTCC3Aug	0.002003918	LT	CC3	Aug	CC	8	
398	Cryptophyta_X	LTCC1Aug	0.074400588	LT	CC1	Aug	CC	8	0.105278994
442	Cryptophyta_X	LTCC2Aug	0.141468854	LT	CC2	Aug	CC	8	
486	Cryptophyta_X	LTCC3Aug	0.09996754	LT	CC3	Aug	CC	8	
406	Cryptophyta_X:nucl	LTCC1Aug	0.001336538	LT	CC1	Aug	CC	8	0.0022702
450	Cryptophyta_X:nucl	LTCC2Aug	0.000815382	LT	CC2	Aug	CC	8	
494	Cryptophyta_X:nucl	LTCC3Aug	0.004658681	LT	CC3	Aug	CC	8	
399	Dinoflagellata	LTCC1Aug	0.295872358	LT	CC1	Aug	CC	8	0.272355407
443	Dinoflagellata	LTCC2Aug	0.269568094	LT	CC2	Aug	CC	8	
487	Dinoflagellata	LTCC3Aug	0.251625768	LT	CC3	Aug	CC	8	
400	Gyrista	LTCC1Aug	0.473936199	LT	CC1	Aug	CC	8	0.432345925
444	Gyrista	LTCC2Aug	0.402073236	LT	CC2	Aug	CC	8	
488	Gyrista	LTCC3Aug	0.421028339	LT	CC3	Aug	CC	8	
403	Haptophyta_X	LTCC1Aug	0.020334463	LT	CC1	Aug	CC	8	0.025638878
447	Haptophyta_X	LTCC2Aug	0.029877942	LT	CC2	Aug	CC	8	
491	Haptophyta_X	LTCC3Aug	0.026704228	LT	CC3	Aug	CC	8	
407	others	LTCC1Aug	0.023389406	LT	CC1	Aug	CC	8	0.010034234
451	others	LTCC2Aug	0.002626232	LT	CC2	Aug	CC	8	
495	others	LTCC3Aug	0.004087064	LT	CC3	Aug	CC	8	
402	Picozoa_X	LTCC1Aug	0.05880765	LT	CC1	Aug	CC	8	0.073491984
446	Picozoa_X	LTCC2Aug	0.08683823	LT	CC2	Aug	CC	8	
490	Picozoa_X	LTCC3Aug	0.074830071	LT	CC3	Aug	CC	8	
401	Rhodophyta_X	LTCC1Aug	0.004582414	LT	CC1	Aug	CC	8	0.012720919
445	Rhodophyta_X	LTCC2Aug	0.002882959	LT	CC2	Aug	CC	8	
489	Rhodophyta_X	LTCC3Aug	0.030697383	LT	CC3	Aug	CC	8	
536	Cercozoa	LTCMW1Aug	0.002814375	LT	CMW1	Aug	CMW	8	0.004050251
580	Cercozoa	LTCMW2Aug	0.003418443	LT	CMW2	Aug	CMW	8	
624	Cercozoa	LTCMW3Aug	0.005917935	LT	CMW3	Aug	CMW	8	
529	Chlorophyta_X	LTCMW1Aug	0.426599941	LT	CMW1	Aug	CMW	8	0.28207513
573	Chlorophyta_X	LTCMW2Aug	0.305963527	LT	CMW2	Aug	CMW	8	
617	Chlorophyta_X	LTCMW3Aug	0.113661923	LT	CMW3	Aug	CMW	8	
537	Ciliophora	LTCMW1Aug	0.002300294	LT	CMW1	Aug	CMW	8	0.00245266
581	Ciliophora	LTCMW2Aug	0.001460511	LT	CMW2	Aug	CMW	8	
625	Ciliophora	LTCMW3Aug	0.003597176	LT	CMW3	Aug	CMW	8	
530	Cryptophyta_X	LTCMW1Aug	0.07129749	LT	CMW1	Aug	CMW	8	0.141169792
574	Cryptophyta_X	LTCMW2Aug	0.111549202	LT	CMW2	Aug	CMW	8	
618	Cryptophyta_X	LTCMW3Aug	0.240662682	LT	CMW3	Aug	CMW	8	
538	Cryptophyta_X:nucl	LTCMW1Aug	0.0001975	LT	CMW1	Aug	CMW	8	0.001063944
582	Cryptophyta_X:nucl	LTCMW2Aug	0.001679235	LT	CMW2	Aug	CMW	8	
626	Cryptophyta_X:nucl	LTCMW3Aug	0.001315097	LT	CMW3	Aug	CMW	8	
531	Dinoflagellata	LTCMW1Aug	0.107302057	LT	CMW1	Aug	CMW	8	0.14433994
575	Dinoflagellata	LTCMW2Aug	0.145463758	LT	CMW2	Aug	CMW	8	
619	Dinoflagellata	LTCMW3Aug	0.180254005	LT	CMW3	Aug	CMW	8	
532	Gyrista	LTCMW1Aug	0.226844519	LT	CMW1	Aug	CMW	8	0.243347866
576	Gyrista	LTCMW2Aug	0.211195025	LT	CMW2	Aug	CMW	8	
620	Gyrista	LTCMW3Aug	0.292004055	LT	CMW3	Aug	CMW	8	
535	Haptophyta_X	LTCMW1Aug	0.031106246	LT	CMW1	Aug	CMW	8	0.034155896
579	Haptophyta_X	LTCMW2Aug	0.032847899	LT	CMW2	Aug	CMW	8	
623	Haptophyta_X	LTCMW3Aug	0.038513544	LT	CMW3	Aug	CMW	8	
539	others	LTCMW1Aug	0.000975989	LT	CMW1	Aug	CMW	8	0.002353644
583	others	LTCMW2Aug	0.005630442	LT	CMW2	Aug	CMW	8	
627	others	LTCMW3Aug	0.000454502	LT	CMW3	Aug	CMW	8	
534	Picozoa_X	LTCMW1Aug	0.130053732	LT	CMW1	Aug	CMW	8	0.139588328
578	Picozoa_X	LTCMW2Aug	0.179558232	LT	CMW2	Aug	CMW	8	
622	Picozoa_X	LTCMW3Aug	0.10915302	LT	CMW3	Aug	CMW	8	
533	Rhodophyta_X	LTCMW1Aug	0.000507857	LT	CMW1	Aug	CMW	8	0.005402548
577	Rhodophyta_X	LTCMW2Aug	0.001233724	LT	CMW2	Aug	CMW	8	
621	Rhodophyta_X	LTCMW3Aug	0.014466063	LT	CMW3	Aug	CMW	8	
921	Cercozoa	SKLKW1Aug	0.000521207	SK	LKW1	Aug	LKW	8	0.000313439
965	Cercozoa	SKLKW2Aug	0.00041911	SK	LKW2	Aug	LKW	8	
1009	Cercozoa	SKLKW3Aug	0	SK	LKW3	Aug	LKW	8	
914	Chlorophyta_X	SKLKW1Aug	0.729451291	SK	LKW1	Aug	LKW	8	0.735611486
958	Chlorophyta_X	SKLKW2Aug	0.775593189	SK	LKW2	Aug	LKW	8	
1002	Chlorophyta_X	SKLKW3Aug	0.701789978	SK	LKW3	Aug	LKW	8	
922	Ciliophora	SKLKW1Aug	0.000423097	SK	LKW1	Aug	LKW	8	0.000335883
966	Ciliophora	SKLKW2Aug	0.000554705	SK	LKW2	Aug	LKW	8	
1010	Ciliophora	SKLKW3Aug	2.98E-05	SK	LKW3	Aug	LKW	8	
915	Cryptophyta_X	SKLKW1Aug	0.023141583	SK	LKW1	Aug	LKW	8	0.053985451
959	Cryptophyta_X	SKLKW2Aug	0.041678172	SK	LKW2	Aug	LKW	8	
1003	Cryptophyta_X	SKLKW3Aug	0.097136599	SK	LKW3	Aug	LKW	8	
923	Cryptophyta_X:nucl	SKLKW1Aug	0.000138988	SK	LKW1	Aug	LKW	8	0.000186858
967	Cryptophyta_X:nucl	SKLKW2Aug	0.000139703	SK	LKW2	Aug	LKW	8	
1011	Cryptophyta_X:nucl	SKLKW3Aug	0.000281882	SK	LKW3	Aug	LKW	8	
916	Dinoflagellata	SKLKW1Aug	0.077929485	SK	LKW1	Aug	LKW	8	0.057819788
960	Dinoflagellata	SKLKW2Aug	0.039129851	SK	LKW2	Aug	LKW	8	
1004	Dinoflagellata	SKLKW3Aug	0.056400028	SK	LKW3	Aug	LKW	8	
917	Gyrista	SKLKW1Aug	0.028638379	SK	LKW1	Aug	LKW	8	0.015851655
961	Gyrista	SKLKW2Aug	0.017049399	SK	LKW2	Aug	LKW	8	
1005	Gyrista	SKLKW3Aug	0.001867188	SK	LKW3	Aug	LKW	8	
920	Haptophyta_X	SKLKW1Aug	0.033506153	SK	LKW1	Aug	LKW	8	0.026401227
964	Haptophyta_X	SKLKW2Aug	0.023589912	SK	LKW2	Aug	LKW	8	
1008	Haptophyta_X	SKLKW3Aug	0.022107617	SK	LKW3	Aug	LKW	8	
924	others	SKLKW1Aug	0.001248978	SK	LKW1	Aug	LKW	8	0.000771372
968	others	SKLKW2Aug	0.000590954	SK	LKW2	Aug	LKW	8	
1012	others	SKLKW3Aug	0.000474185	SK	LKW3	Aug	LKW	8	
919	Picozoa_X	SKLKW1Aug	0.026373065	SK	LKW1	Aug	LKW	8	0.030643525
963	Picozoa_X	SKLKW2Aug	0.024797348	SK	LKW2	Aug	LKW	8	
1007	Picozoa_X	SKLKW3Aug	0.040760163	SK	LKW3	Aug	LKW	8	
918	Rhodophyta_X	SKLKW1Aug	0.078627773	SK	LKW1	Aug	LKW	8	0.078079315
962	Rhodophyta_X	SKLKW2Aug	0.076457658	SK	LKW2	Aug	LKW	8	
1006	Rhodophyta_X	SKLKW3Aug	0.079152516	SK	LKW3	Aug	LKW	8	
668	Cercozoa	LTPC1Aug	0.009389457	LT	PC1	Aug	PC	8	0.019288098
712	Cercozoa	LTPC2Aug	0.036536966	LT	PC2	Aug	PC	8	
745	Cercozoa	LTPC3Aug	0.011937871	LT	PC3	Aug	PC	8	
661	Chlorophyta_X	LTPC1Aug	0.592316608	LT	PC1	Aug	PC	8	0.447423299
705	Chlorophyta_X	LTPC2Aug	0.277771717	LT	PC2	Aug	PC	8	
738	Chlorophyta_X	LTPC3Aug	0.472181572	LT	PC3	Aug	PC	8	
669	Ciliophora	LTPC1Aug	0.009496624	LT	PC1	Aug	PC	8	0.007624099
713	Ciliophora	LTPC2Aug	0.007323746	LT	PC2	Aug	PC	8	
746	Ciliophora	LTPC3Aug	0.006051926	LT	PC3	Aug	PC	8	
662	Cryptophyta_X	LTPC1Aug	0.070444288	LT	PC1	Aug	PC	8	0.060047152
706	Cryptophyta_X	LTPC2Aug	0.041832179	LT	PC2	Aug	PC	8	
739	Cryptophyta_X	LTPC3Aug	0.06786499	LT	PC3	Aug	PC	8	
670	Cryptophyta_X:nucl	LTPC1Aug	0.001401412	LT	PC1	Aug	PC	8	0.000941261
714	Cryptophyta_X:nucl	LTPC2Aug	0.000264761	LT	PC2	Aug	PC	8	
747	Cryptophyta_X:nucl	LTPC3Aug	0.001157612	LT	PC3	Aug	PC	8	
663	Dinoflagellata	LTPC1Aug	0.106842399	LT	PC1	Aug	PC	8	0.152069259
707	Dinoflagellata	LTPC2Aug	0.156438995	LT	PC2	Aug	PC	8	
740	Dinoflagellata	LTPC3Aug	0.192926382	LT	PC3	Aug	PC	8	
664	Gyrista	LTPC1Aug	0.127299422	LT	PC1	Aug	PC	8	0.197402532
708	Gyrista	LTPC2Aug	0.308898489	LT	PC2	Aug	PC	8	
741	Gyrista	LTPC3Aug	0.156009684	LT	PC3	Aug	PC	8	
667	Haptophyta_X	LTPC1Aug	0.011291373	LT	PC1	Aug	PC	8	0.021370376
711	Haptophyta_X	LTPC2Aug	0.024168863	LT	PC2	Aug	PC	8	
744	Haptophyta_X	LTPC3Aug	0.028650891	LT	PC3	Aug	PC	8	
671	others	LTPC1Aug	0.001728121	LT	PC1	Aug	PC	8	0.001497353
715	others	LTPC2Aug	0.001807844	LT	PC2	Aug	PC	8	
748	others	LTPC3Aug	0.000956095	LT	PC3	Aug	PC	8	
666	Picozoa_X	LTPC1Aug	0.052973357	LT	PC1	Aug	PC	8	0.061999751
710	Picozoa_X	LTPC2Aug	0.086576724	LT	PC2	Aug	PC	8	
743	Picozoa_X	LTPC3Aug	0.046449172	LT	PC3	Aug	PC	8	
665	Rhodophyta_X	LTPC1Aug	0.016816939	LT	PC1	Aug	PC	8	0.03033682
709	Rhodophyta_X	LTPC2Aug	0.058379718	LT	PC2	Aug	PC	8	
742	Rhodophyta_X	LTPC3Aug	0.015813804	LT	PC3	Aug	PC	8	
1053	Cercozoa	SKSha1Aug	0.044749751	SK	Sha1	Aug	Sha	8	0.041425815
1097	Cercozoa	SKSha2Aug	0.029620229	SK	Sha2	Aug	Sha	8	
1141	Cercozoa	SKSha3Aug	0.049907466	SK	Sha3	Aug	Sha	8	
1046	Chlorophyta_X	SKSha1Aug	0.110091763	SK	Sha1	Aug	Sha	8	0.115552112
1090	Chlorophyta_X	SKSha2Aug	0.10475086	SK	Sha2	Aug	Sha	8	
1134	Chlorophyta_X	SKSha3Aug	0.131813713	SK	Sha3	Aug	Sha	8	
1054	Ciliophora	SKSha1Aug	0.000645429	SK	Sha1	Aug	Sha	8	0.000495192
1098	Ciliophora	SKSha2Aug	0.000511744	SK	Sha2	Aug	Sha	8	
1142	Ciliophora	SKSha3Aug	0.000328404	SK	Sha3	Aug	Sha	8	
1047	Cryptophyta_X	SKSha1Aug	0.125643531	SK	Sha1	Aug	Sha	8	0.126253942
1091	Cryptophyta_X	SKSha2Aug	0.145408397	SK	Sha2	Aug	Sha	8	
1135	Cryptophyta_X	SKSha3Aug	0.107709898	SK	Sha3	Aug	Sha	8	
1055	Cryptophyta_X:nucl	SKSha1Aug	0.002868574	SK	Sha1	Aug	Sha	8	0.002598807
1099	Cryptophyta_X:nucl	SKSha2Aug	0.001657076	SK	Sha2	Aug	Sha	8	
1143	Cryptophyta_X:nucl	SKSha3Aug	0.003270772	SK	Sha3	Aug	Sha	8	
1048	Dinoflagellata	SKSha1Aug	0.205246453	SK	Sha1	Aug	Sha	8	0.184072053
1092	Dinoflagellata	SKSha2Aug	0.195978477	SK	Sha2	Aug	Sha	8	
1136	Dinoflagellata	SKSha3Aug	0.150991231	SK	Sha3	Aug	Sha	8	
1049	Gyrista	SKSha1Aug	0.01685492	SK	Sha1	Aug	Sha	8	0.020795494
1093	Gyrista	SKSha2Aug	0.015787197	SK	Sha2	Aug	Sha	8	
1137	Gyrista	SKSha3Aug	0.029744366	SK	Sha3	Aug	Sha	8	
1052	Haptophyta_X	SKSha1Aug	0.393711749	SK	Sha1	Aug	Sha	8	0.398469808
1096	Haptophyta_X	SKSha2Aug	0.399296075	SK	Sha2	Aug	Sha	8	
1140	Haptophyta_X	SKSha3Aug	0.402401599	SK	Sha3	Aug	Sha	8	
1056	others	SKSha1Aug	0.015329271	SK	Sha1	Aug	Sha	8	0.019620701
1100	others	SKSha2Aug	0.009074523	SK	Sha2	Aug	Sha	8	
1144	others	SKSha3Aug	0.03445831	SK	Sha3	Aug	Sha	8	
1051	Picozoa_X	SKSha1Aug	0.038940889	SK	Sha1	Aug	Sha	8	0.053527677
1095	Picozoa_X	SKSha2Aug	0.066490165	SK	Sha2	Aug	Sha	8	
1139	Picozoa_X	SKSha3Aug	0.055151979	SK	Sha3	Aug	Sha	8	
1050	Rhodophyta_X	SKSha1Aug	0.04591767	SK	Sha1	Aug	Sha	8	0.037188397
1094	Rhodophyta_X	SKSha2Aug	0.031425258	SK	Sha2	Aug	Sha	8	
1138	Rhodophyta_X	SKSha3Aug	0.034222262	SK	Sha3	Aug	Sha	8	
140	Cercozoa	HKSta1Aug	0.013238755	HK	Sta1	Aug	Sta	8	0.014896805
184	Cercozoa	HKSta2Aug	0.003985891	HK	Sta2	Aug	Sta	8	
228	Cercozoa	HKSta3Aug	0.027465769	HK	Sta3	Aug	Sta	8	
133	Chlorophyta_X	HKSta1Aug	0.53733772	HK	Sta1	Aug	Sta	8	0.359728297
177	Chlorophyta_X	HKSta2Aug	0.510130746	HK	Sta2	Aug	Sta	8	
221	Chlorophyta_X	HKSta3Aug	0.031716424	HK	Sta3	Aug	Sta	8	
141	Ciliophora	HKSta1Aug	0.000847464	HK	Sta1	Aug	Sta	8	0.001303825
185	Ciliophora	HKSta2Aug	0.000169335	HK	Sta2	Aug	Sta	8	
229	Ciliophora	HKSta3Aug	0.002894677	HK	Sta3	Aug	Sta	8	
134	Cryptophyta_X	HKSta1Aug	0.09812254	HK	Sta1	Aug	Sta	8	0.132416605
178	Cryptophyta_X	HKSta2Aug	0.128483466	HK	Sta2	Aug	Sta	8	
222	Cryptophyta_X	HKSta3Aug	0.170643808	HK	Sta3	Aug	Sta	8	
142	Cryptophyta_X:nucl	HKSta1Aug	0.002336251	HK	Sta1	Aug	Sta	8	0.001399439
186	Cryptophyta_X:nucl	HKSta2Aug	0.000590502	HK	Sta2	Aug	Sta	8	
230	Cryptophyta_X:nucl	HKSta3Aug	0.001271563	HK	Sta3	Aug	Sta	8	
135	Dinoflagellata	HKSta1Aug	0.100700035	HK	Sta1	Aug	Sta	8	0.17100653
179	Dinoflagellata	HKSta2Aug	0.040275308	HK	Sta2	Aug	Sta	8	
223	Dinoflagellata	HKSta3Aug	0.372044247	HK	Sta3	Aug	Sta	8	
136	Gyrista	HKSta1Aug	0.080945533	HK	Sta1	Aug	Sta	8	0.124783372
180	Gyrista	HKSta2Aug	0.043282977	HK	Sta2	Aug	Sta	8	
224	Gyrista	HKSta3Aug	0.250121607	HK	Sta3	Aug	Sta	8	
139	Haptophyta_X	HKSta1Aug	0.033820014	HK	Sta1	Aug	Sta	8	0.041120986
183	Haptophyta_X	HKSta2Aug	0.059788361	HK	Sta2	Aug	Sta	8	
227	Haptophyta_X	HKSta3Aug	0.029754584	HK	Sta3	Aug	Sta	8	
143	others	HKSta1Aug	0.002489134	HK	Sta1	Aug	Sta	8	0.007791284
187	others	HKSta2Aug	0.013608724	HK	Sta2	Aug	Sta	8	
231	others	HKSta3Aug	0.007275995	HK	Sta3	Aug	Sta	8	
138	Picozoa_X	HKSta1Aug	0.083326284	HK	Sta1	Aug	Sta	8	0.092999649
182	Picozoa_X	HKSta2Aug	0.123193549	HK	Sta2	Aug	Sta	8	
226	Picozoa_X	HKSta3Aug	0.072479114	HK	Sta3	Aug	Sta	8	
137	Rhodophyta_X	HKSta1Aug	0.046836269	HK	Sta1	Aug	Sta	8	0.052553207
181	Rhodophyta_X	HKSta2Aug	0.076491141	HK	Sta2	Aug	Sta	8	
225	Rhodophyta_X	HKSta3Aug	0.034332212	HK	Sta3	Aug	Sta	8	
272	Cercozoa	HKSW1Aug	0.01333537	HK	SW1	Aug	SW	8	0.017767964
316	Cercozoa	HKSW2Aug	0.015321385	HK	SW2	Aug	SW	8	
360	Cercozoa	HKSW3Aug	0.024647137	HK	SW3	Aug	SW	8	
265	Chlorophyta_X	HKSW1Aug	0.13628455	HK	SW1	Aug	SW	8	0.093230622
309	Chlorophyta_X	HKSW2Aug	0.11699967	HK	SW2	Aug	SW	8	
353	Chlorophyta_X	HKSW3Aug	0.026407647	HK	SW3	Aug	SW	8	
273	Ciliophora	HKSW1Aug	0.000491348	HK	SW1	Aug	SW	8	0.001427254
317	Ciliophora	HKSW2Aug	0.002359657	HK	SW2	Aug	SW	8	
361	Ciliophora	HKSW3Aug	0.001430755	HK	SW3	Aug	SW	8	
266	Cryptophyta_X	HKSW1Aug	0.263483463	HK	SW1	Aug	SW	8	0.206959656
310	Cryptophyta_X	HKSW2Aug	0.179028067	HK	SW2	Aug	SW	8	
354	Cryptophyta_X	HKSW3Aug	0.178367438	HK	SW3	Aug	SW	8	
274	Cryptophyta_X:nucl	HKSW1Aug	0.004787056	HK	SW1	Aug	SW	8	0.003358577
318	Cryptophyta_X:nucl	HKSW2Aug	0.003342848	HK	SW2	Aug	SW	8	
362	Cryptophyta_X:nucl	HKSW3Aug	0.001945827	HK	SW3	Aug	SW	8	
267	Dinoflagellata	HKSW1Aug	0.117356671	HK	SW1	Aug	SW	8	0.233410202
311	Dinoflagellata	HKSW2Aug	0.266782866	HK	SW2	Aug	SW	8	
355	Dinoflagellata	HKSW3Aug	0.31609107	HK	SW3	Aug	SW	8	
268	Gyrista	HKSW1Aug	0.093969767	HK	SW1	Aug	SW	8	0.125023602
312	Gyrista	HKSW2Aug	0.126235481	HK	SW2	Aug	SW	8	
356	Gyrista	HKSW3Aug	0.154865559	HK	SW3	Aug	SW	8	
271	Haptophyta_X	HKSW1Aug	0.081142691	HK	SW1	Aug	SW	8	0.073147617
315	Haptophyta_X	HKSW2Aug	0.068528378	HK	SW2	Aug	SW	8	
359	Haptophyta_X	HKSW3Aug	0.069771782	HK	SW3	Aug	SW	8	
275	others	HKSW1Aug	0.034458172	HK	SW1	Aug	SW	8	0.013987624
319	others	HKSW2Aug	0.002763489	HK	SW2	Aug	SW	8	
363	others	HKSW3Aug	0.004741211	HK	SW3	Aug	SW	8	
270	Picozoa_X	HKSW1Aug	0.142146251	HK	SW1	Aug	SW	8	0.154965547
314	Picozoa_X	HKSW2Aug	0.183299483	HK	SW2	Aug	SW	8	
358	Picozoa_X	HKSW3Aug	0.139450906	HK	SW3	Aug	SW	8	
269	Rhodophyta_X	HKSW1Aug	0.112544661	HK	SW1	Aug	SW	8	0.076721335
313	Rhodophyta_X	HKSW2Aug	0.035338676	HK	SW2	Aug	SW	8	
357	Rhodophyta_X	HKSW3Aug	0.082280668	HK	SW3	Aug	SW	8	
41	Cercozoa	HKBea1Nov	0	HK	Bea1	Nov	Bea	11	7.34986E-05
85	Cercozoa	HKBea2Nov	0	HK	Bea2	Nov	Bea	11	
129	Cercozoa	HKBea3Nov	0.000220496	HK	Bea3	Nov	Bea	11	
34	Chlorophyta_X	HKBea1Nov	0.193033499	HK	Bea1	Nov	Bea	11	0.24350573
78	Chlorophyta_X	HKBea2Nov	0.353212274	HK	Bea2	Nov	Bea	11	
122	Chlorophyta_X	HKBea3Nov	0.184271417	HK	Bea3	Nov	Bea	11	
42	Ciliophora	HKBea1Nov	0.000717738	HK	Bea1	Nov	Bea	11	0.00169187
86	Ciliophora	HKBea2Nov	0.002587422	HK	Bea2	Nov	Bea	11	
130	Ciliophora	HKBea3Nov	0.001770451	HK	Bea3	Nov	Bea	11	
35	Cryptophyta_X	HKBea1Nov	0.375110505	HK	Bea1	Nov	Bea	11	0.447107224
79	Cryptophyta_X	HKBea2Nov	0.412766931	HK	Bea2	Nov	Bea	11	
123	Cryptophyta_X	HKBea3Nov	0.553444238	HK	Bea3	Nov	Bea	11	
43	Cryptophyta_X:nucl	HKBea1Nov	0.005732792	HK	Bea1	Nov	Bea	11	0.008709363
87	Cryptophyta_X:nucl	HKBea2Nov	0.009003018	HK	Bea2	Nov	Bea	11	
131	Cryptophyta_X:nucl	HKBea3Nov	0.011392278	HK	Bea3	Nov	Bea	11	
36	Dinoflagellata	HKBea1Nov	0.088612809	HK	Bea1	Nov	Bea	11	0.088790009
80	Dinoflagellata	HKBea2Nov	0.098033637	HK	Bea2	Nov	Bea	11	
124	Dinoflagellata	HKBea3Nov	0.07972358	HK	Bea3	Nov	Bea	11	
37	Gyrista	HKBea1Nov	0.011932618	HK	Bea1	Nov	Bea	11	0.025187719
81	Gyrista	HKBea2Nov	0.052721672	HK	Bea2	Nov	Bea	11	
125	Gyrista	HKBea3Nov	0.010908868	HK	Bea3	Nov	Bea	11	
40	Haptophyta_X	HKBea1Nov	0.062252805	HK	Bea1	Nov	Bea	11	0.063578897
84	Haptophyta_X	HKBea2Nov	0.034174721	HK	Bea2	Nov	Bea	11	
128	Haptophyta_X	HKBea3Nov	0.094309166	HK	Bea3	Nov	Bea	11	
44	others	HKBea1Nov	0.000581026	HK	Bea1	Nov	Bea	11	0.000493792
88	others	HKBea2Nov	0.000128615	HK	Bea2	Nov	Bea	11	
132	others	HKBea3Nov	0.000771735	HK	Bea3	Nov	Bea	11	
39	Picozoa_X	HKBea1Nov	0.009528829	HK	Bea1	Nov	Bea	11	0.017581455
83	Picozoa_X	HKBea2Nov	0.026237366	HK	Bea2	Nov	Bea	11	
127	Picozoa_X	HKBea3Nov	0.01697817	HK	Bea3	Nov	Bea	11	
38	Rhodophyta_X	HKBea1Nov	0.252497379	HK	Bea1	Nov	Bea	11	0.103280442
82	Rhodophyta_X	HKBea2Nov	0.011134344	HK	Bea2	Nov	Bea	11	
126	Rhodophyta_X	HKBea3Nov	0.046209601	HK	Bea3	Nov	Bea	11	
822	Cercozoa	SKBlu1Nov	0.007683817	SK	Blu1	Nov	Blu	11	0.009886871
866	Cercozoa	SKBlu2Nov	0.008425371	SK	Blu2	Nov	Blu	11	
910	Cercozoa	SKBlu3Nov	0.013551425	SK	Blu3	Nov	Blu	11	
815	Chlorophyta_X	SKBlu1Nov	0.315222253	SK	Blu1	Nov	Blu	11	0.314711507
859	Chlorophyta_X	SKBlu2Nov	0.299505518	SK	Blu2	Nov	Blu	11	
903	Chlorophyta_X	SKBlu3Nov	0.32940675	SK	Blu3	Nov	Blu	11	
823	Ciliophora	SKBlu1Nov	0.006800699	SK	Blu1	Nov	Blu	11	0.005412365
867	Ciliophora	SKBlu2Nov	0.004676757	SK	Blu2	Nov	Blu	11	
911	Ciliophora	SKBlu3Nov	0.004759638	SK	Blu3	Nov	Blu	11	
816	Cryptophyta_X	SKBlu1Nov	0.425486431	SK	Blu1	Nov	Blu	11	0.365850276
860	Cryptophyta_X	SKBlu2Nov	0.304640982	SK	Blu2	Nov	Blu	11	
904	Cryptophyta_X	SKBlu3Nov	0.367423414	SK	Blu3	Nov	Blu	11	
824	Cryptophyta_X:nucl	SKBlu1Nov	0.005753012	SK	Blu1	Nov	Blu	11	0.006201837
868	Cryptophyta_X:nucl	SKBlu2Nov	0.005923291	SK	Blu2	Nov	Blu	11	
912	Cryptophyta_X:nucl	SKBlu3Nov	0.006929207	SK	Blu3	Nov	Blu	11	
817	Dinoflagellata	SKBlu1Nov	0.088832889	SK	Blu1	Nov	Blu	11	0.106975079
861	Dinoflagellata	SKBlu2Nov	0.128693376	SK	Blu2	Nov	Blu	11	
905	Dinoflagellata	SKBlu3Nov	0.103398971	SK	Blu3	Nov	Blu	11	
818	Gyrista	SKBlu1Nov	0.018534379	SK	Blu1	Nov	Blu	11	0.032728238
862	Gyrista	SKBlu2Nov	0.043062617	SK	Blu2	Nov	Blu	11	
906	Gyrista	SKBlu3Nov	0.036587719	SK	Blu3	Nov	Blu	11	
821	Haptophyta_X	SKBlu1Nov	0.045292301	SK	Blu1	Nov	Blu	11	0.071124859
865	Haptophyta_X	SKBlu2Nov	0.086660957	SK	Blu2	Nov	Blu	11	
909	Haptophyta_X	SKBlu3Nov	0.081421319	SK	Blu3	Nov	Blu	11	
825	others	SKBlu1Nov	0.001010971	SK	Blu1	Nov	Blu	11	0.001264342
869	others	SKBlu2Nov	0.001593913	SK	Blu2	Nov	Blu	11	
913	others	SKBlu3Nov	0.001188141	SK	Blu3	Nov	Blu	11	
820	Picozoa_X	SKBlu1Nov	0.027425315	SK	Blu1	Nov	Blu	11	0.031865804
864	Picozoa_X	SKBlu2Nov	0.033701483	SK	Blu2	Nov	Blu	11	
908	Picozoa_X	SKBlu3Nov	0.034470614	SK	Blu3	Nov	Blu	11	
819	Rhodophyta_X	SKBlu1Nov	0.057957933	SK	Blu1	Nov	Blu	11	0.053978824
863	Rhodophyta_X	SKBlu2Nov	0.083115736	SK	Blu2	Nov	Blu	11	
907	Rhodophyta_X	SKBlu3Nov	0.020862803	SK	Blu3	Nov	Blu	11	
437	Cercozoa	LTCC1Nov	0.000271271	LT	CC1	Nov	CC	11	9.04236E-05
481	Cercozoa	LTCC2Nov	0	LT	CC2	Nov	CC	11	
525	Cercozoa	LTCC3Nov	0	LT	CC3	Nov	CC	11	
430	Chlorophyta_X	LTCC1Nov	0.11021341	LT	CC1	Nov	CC	11	0.26064989
474	Chlorophyta_X	LTCC2Nov	0.179887014	LT	CC2	Nov	CC	11	
518	Chlorophyta_X	LTCC3Nov	0.491849247	LT	CC3	Nov	CC	11	
438	Ciliophora	LTCC1Nov	0.004021189	LT	CC1	Nov	CC	11	0.004024143
482	Ciliophora	LTCC2Nov	0.001578338	LT	CC2	Nov	CC	11	
526	Ciliophora	LTCC3Nov	0.006472903	LT	CC3	Nov	CC	11	
431	Cryptophyta_X	LTCC1Nov	0.764199703	LT	CC1	Nov	CC	11	0.645400166
475	Cryptophyta_X	LTCC2Nov	0.722940316	LT	CC2	Nov	CC	11	
519	Cryptophyta_X	LTCC3Nov	0.44906048	LT	CC3	Nov	CC	11	
439	Cryptophyta_X:nucl	LTCC1Nov	0.017723019	LT	CC1	Nov	CC	11	0.011863168
483	Cryptophyta_X:nucl	LTCC2Nov	0.015691079	LT	CC2	Nov	CC	11	
527	Cryptophyta_X:nucl	LTCC3Nov	0.002175407	LT	CC3	Nov	CC	11	
432	Dinoflagellata	LTCC1Nov	0.053629038	LT	CC1	Nov	CC	11	0.038972377
476	Dinoflagellata	LTCC2Nov	0.040649275	LT	CC2	Nov	CC	11	
520	Dinoflagellata	LTCC3Nov	0.022638818	LT	CC3	Nov	CC	11	
433	Gyrista	LTCC1Nov	0.013780552	LT	CC1	Nov	CC	11	0.01241218
477	Gyrista	LTCC2Nov	0.013745385	LT	CC2	Nov	CC	11	
521	Gyrista	LTCC3Nov	0.009710604	LT	CC3	Nov	CC	11	
436	Haptophyta_X	LTCC1Nov	0.018756431	LT	CC1	Nov	CC	11	0.012960617
480	Haptophyta_X	LTCC2Nov	0.009818132	LT	CC2	Nov	CC	11	
524	Haptophyta_X	LTCC3Nov	0.010307287	LT	CC3	Nov	CC	11	
440	others	LTCC1Nov	0.000160322	LT	CC1	Nov	CC	11	0.000728434
484	others	LTCC2Nov	0.001344331	LT	CC2	Nov	CC	11	
528	others	LTCC3Nov	0.000680649	LT	CC3	Nov	CC	11	
435	Picozoa_X	LTCC1Nov	0.01166464	LT	CC1	Nov	CC	11	0.009128044
479	Picozoa_X	LTCC2Nov	0.012395952	LT	CC2	Nov	CC	11	
523	Picozoa_X	LTCC3Nov	0.003323539	LT	CC3	Nov	CC	11	
434	Rhodophyta_X	LTCC1Nov	0.005580426	LT	CC1	Nov	CC	11	0.003770556
478	Rhodophyta_X	LTCC2Nov	0.001950177	LT	CC2	Nov	CC	11	
522	Rhodophyta_X	LTCC3Nov	0.003781065	LT	CC3	Nov	CC	11	
569	Cercozoa	LTCMW1Nov	0.00053931	LT	CMW1	Nov	CMW	11	0.000615219
613	Cercozoa	LTCMW2Nov	0.000759165	LT	CMW2	Nov	CMW	11	
657	Cercozoa	LTCMW3Nov	0.000547181	LT	CMW3	Nov	CMW	11	
562	Chlorophyta_X	LTCMW1Nov	0.455948108	LT	CMW1	Nov	CMW	11	0.490464662
606	Chlorophyta_X	LTCMW2Nov	0.457273894	LT	CMW2	Nov	CMW	11	
650	Chlorophyta_X	LTCMW3Nov	0.558171984	LT	CMW3	Nov	CMW	11	
570	Ciliophora	LTCMW1Nov	0.056595829	LT	CMW1	Nov	CMW	11	0.037834581
614	Ciliophora	LTCMW2Nov	0.015589278	LT	CMW2	Nov	CMW	11	
658	Ciliophora	LTCMW3Nov	0.041318637	LT	CMW3	Nov	CMW	11	
563	Cryptophyta_X	LTCMW1Nov	0.387883758	LT	CMW1	Nov	CMW	11	0.395651741
607	Cryptophyta_X	LTCMW2Nov	0.463320926	LT	CMW2	Nov	CMW	11	
651	Cryptophyta_X	LTCMW3Nov	0.33575054	LT	CMW3	Nov	CMW	11	
571	Cryptophyta_X:nucl	LTCMW1Nov	0.004254557	LT	CMW1	Nov	CMW	11	0.002935737
615	Cryptophyta_X:nucl	LTCMW2Nov	0.002254491	LT	CMW2	Nov	CMW	11	
659	Cryptophyta_X:nucl	LTCMW3Nov	0.002298162	LT	CMW3	Nov	CMW	11	
564	Dinoflagellata	LTCMW1Nov	0.048746006	LT	CMW1	Nov	CMW	11	0.029269137
608	Dinoflagellata	LTCMW2Nov	0.030395121	LT	CMW2	Nov	CMW	11	
652	Dinoflagellata	LTCMW3Nov	0.008666284	LT	CMW3	Nov	CMW	11	
565	Gyrista	LTCMW1Nov	0.019763401	LT	CMW1	Nov	CMW	11	0.027612524
609	Gyrista	LTCMW2Nov	0.017820076	LT	CMW2	Nov	CMW	11	
653	Gyrista	LTCMW3Nov	0.045254095	LT	CMW3	Nov	CMW	11	
568	Haptophyta_X	LTCMW1Nov	0.013482751	LT	CMW1	Nov	CMW	11	0.006939354
612	Haptophyta_X	LTCMW2Nov	0.007335312	LT	CMW2	Nov	CMW	11	
656	Haptophyta_X	LTCMW3Nov	0	LT	CMW3	Nov	CMW	11	
572	others	LTCMW1Nov	0.000472034	LT	CMW1	Nov	CMW	11	0.000410053
616	others	LTCMW2Nov	0.00074604	LT	CMW2	Nov	CMW	11	
660	others	LTCMW3Nov	1.21E-05	LT	CMW3	Nov	CMW	11	
567	Picozoa_X	LTCMW1Nov	0.007999765	LT	CMW1	Nov	CMW	11	0.003397983
611	Picozoa_X	LTCMW2Nov	0.002139466	LT	CMW2	Nov	CMW	11	
655	Picozoa_X	LTCMW3Nov	5.47E-05	LT	CMW3	Nov	CMW	11	
566	Rhodophyta_X	LTCMW1Nov	0.00431448	LT	CMW1	Nov	CMW	11	0.004869008
610	Rhodophyta_X	LTCMW2Nov	0.00236623	LT	CMW2	Nov	CMW	11	
654	Rhodophyta_X	LTCMW3Nov	0.007926314	LT	CMW3	Nov	CMW	11	
954	Cercozoa	SKLKW1Nov	0.01341074	SK	LKW1	Nov	LKW	11	0.009400676
998	Cercozoa	SKLKW2Nov	0.008030575	SK	LKW2	Nov	LKW	11	
1042	Cercozoa	SKLKW3Nov	0.006760712	SK	LKW3	Nov	LKW	11	
947	Chlorophyta_X	SKLKW1Nov	0.439913691	SK	LKW1	Nov	LKW	11	0.53176276
991	Chlorophyta_X	SKLKW2Nov	0.61025815	SK	LKW2	Nov	LKW	11	
1035	Chlorophyta_X	SKLKW3Nov	0.545116439	SK	LKW3	Nov	LKW	11	
955	Ciliophora	SKLKW1Nov	0.003533911	SK	LKW1	Nov	LKW	11	0.004026095
999	Ciliophora	SKLKW2Nov	0.001498141	SK	LKW2	Nov	LKW	11	
1043	Ciliophora	SKLKW3Nov	0.007046232	SK	LKW3	Nov	LKW	11	
948	Cryptophyta_X	SKLKW1Nov	0.38728042	SK	LKW1	Nov	LKW	11	0.331683957
992	Cryptophyta_X	SKLKW2Nov	0.249126284	SK	LKW2	Nov	LKW	11	
1036	Cryptophyta_X	SKLKW3Nov	0.358645167	SK	LKW3	Nov	LKW	11	
956	Cryptophyta_X:nucl	SKLKW1Nov	0.004349429	SK	LKW1	Nov	LKW	11	0.003298563
1000	Cryptophyta_X:nucl	SKLKW2Nov	0.003620132	SK	LKW2	Nov	LKW	11	
1044	Cryptophyta_X:nucl	SKLKW3Nov	0.001926129	SK	LKW3	Nov	LKW	11	
949	Dinoflagellata	SKLKW1Nov	0.056595765	SK	LKW1	Nov	LKW	11	0.039813287
993	Dinoflagellata	SKLKW2Nov	0.043170576	SK	LKW2	Nov	LKW	11	
1037	Dinoflagellata	SKLKW3Nov	0.019673521	SK	LKW3	Nov	LKW	11	
950	Gyrista	SKLKW1Nov	0.034835821	SK	LKW1	Nov	LKW	11	0.026947308
994	Gyrista	SKLKW2Nov	0.023361435	SK	LKW2	Nov	LKW	11	
1038	Gyrista	SKLKW3Nov	0.02264467	SK	LKW3	Nov	LKW	11	
953	Haptophyta_X	SKLKW1Nov	0.029280978	SK	LKW1	Nov	LKW	11	0.025667312
997	Haptophyta_X	SKLKW2Nov	0.03028674	SK	LKW2	Nov	LKW	11	
1041	Haptophyta_X	SKLKW3Nov	0.017434216	SK	LKW3	Nov	LKW	11	
957	others	SKLKW1Nov	0.001738326	SK	LKW1	Nov	LKW	11	0.000979553
1001	others	SKLKW2Nov	0.000787339	SK	LKW2	Nov	LKW	11	
1045	others	SKLKW3Nov	0.000412995	SK	LKW3	Nov	LKW	11	
952	Picozoa_X	SKLKW1Nov	0.014226258	SK	LKW1	Nov	LKW	11	0.010035098
996	Picozoa_X	SKLKW2Nov	0.009407245	SK	LKW2	Nov	LKW	11	
1040	Picozoa_X	SKLKW3Nov	0.006471792	SK	LKW3	Nov	LKW	11	
951	Rhodophyta_X	SKLKW1Nov	0.01483466	SK	LKW1	Nov	LKW	11	0.01638539
995	Rhodophyta_X	SKLKW2Nov	0.020453383	SK	LKW2	Nov	LKW	11	
1039	Rhodophyta_X	SKLKW3Nov	0.013868127	SK	LKW3	Nov	LKW	11	
701	Cercozoa	LTPC1Nov	6.93E-05	LT	PC1	Nov	PC	11	0.000199354
734	Cercozoa	LTPC2Nov	0.000528756	LT	PC2	Nov	PC	11	
778	Cercozoa	LTPC3Nov	0	LT	PC3	Nov	PC	11	
694	Chlorophyta_X	LTPC1Nov	0.315079133	LT	PC1	Nov	PC	11	0.376380142
727	Chlorophyta_X	LTPC2Nov	0.466725622	LT	PC2	Nov	PC	11	
771	Chlorophyta_X	LTPC3Nov	0.34733567	LT	PC3	Nov	PC	11	
702	Ciliophora	LTPC1Nov	0.002066912	LT	PC1	Nov	PC	11	0.004984716
735	Ciliophora	LTPC2Nov	0.001138381	LT	PC2	Nov	PC	11	
779	Ciliophora	LTPC3Nov	0.011748855	LT	PC3	Nov	PC	11	
695	Cryptophyta_X	LTPC1Nov	0.551065061	LT	PC1	Nov	PC	11	0.308364566
728	Cryptophyta_X	LTPC2Nov	0.308370667	LT	PC2	Nov	PC	11	
772	Cryptophyta_X	LTPC3Nov	0.065657969	LT	PC3	Nov	PC	11	
703	Cryptophyta_X:nucl	LTPC1Nov	0.012012821	LT	PC1	Nov	PC	11	0.006941608
736	Cryptophyta_X:nucl	LTPC2Nov	0.006556578	LT	PC2	Nov	PC	11	
780	Cryptophyta_X:nucl	LTPC3Nov	0.002255426	LT	PC3	Nov	PC	11	
696	Dinoflagellata	LTPC1Nov	0.032861745	LT	PC1	Nov	PC	11	0.038278816
729	Dinoflagellata	LTPC2Nov	0.077744416	LT	PC2	Nov	PC	11	
773	Dinoflagellata	LTPC3Nov	0.004230287	LT	PC3	Nov	PC	11	
697	Gyrista	LTPC1Nov	0.007720152	LT	PC1	Nov	PC	11	0.006359075
730	Gyrista	LTPC2Nov	0.006624259	LT	PC2	Nov	PC	11	
774	Gyrista	LTPC3Nov	0.004732815	LT	PC3	Nov	PC	11	
700	Haptophyta_X	LTPC1Nov	0.025484342	LT	PC1	Nov	PC	11	0.01746853
733	Haptophyta_X	LTPC2Nov	0.026921249	LT	PC2	Nov	PC	11	
777	Haptophyta_X	LTPC3Nov	0	LT	PC3	Nov	PC	11	
704	others	LTPC1Nov	0.002671846	LT	PC1	Nov	PC	11	0.022778532
737	others	LTPC2Nov	0.001738732	LT	PC2	Nov	PC	11	
781	others	LTPC3Nov	0.063925017	LT	PC3	Nov	PC	11	
699	Picozoa_X	LTPC1Nov	0.012059024	LT	PC1	Nov	PC	11	0.008397243
732	Picozoa_X	LTPC2Nov	0.013007405	LT	PC2	Nov	PC	11	
776	Picozoa_X	LTPC3Nov	0.000125301	LT	PC3	Nov	PC	11	
698	Rhodophyta_X	LTPC1Nov	0.038909659	LT	PC1	Nov	PC	11	0.209847418
731	Rhodophyta_X	LTPC2Nov	0.090643935	LT	PC2	Nov	PC	11	
775	Rhodophyta_X	LTPC3Nov	0.499988659	LT	PC3	Nov	PC	11	
1086	Cercozoa	SKSha1Nov	0.001247141	SK	Sha1	Nov	Sha	11	0.004041532
1130	Cercozoa	SKSha2Nov	0.000348007	SK	Sha2	Nov	Sha	11	
1174	Cercozoa	SKSha3Nov	0.010529449	SK	Sha3	Nov	Sha	11	
1079	Chlorophyta_X	SKSha1Nov	0.38004973	SK	Sha1	Nov	Sha	11	0.377678445
1123	Chlorophyta_X	SKSha2Nov	0.491167631	SK	Sha2	Nov	Sha	11	
1167	Chlorophyta_X	SKSha3Nov	0.261817974	SK	Sha3	Nov	Sha	11	
1087	Ciliophora	SKSha1Nov	0.000625501	SK	Sha1	Nov	Sha	11	0.000844987
1131	Ciliophora	SKSha2Nov	0.001449348	SK	Sha2	Nov	Sha	11	
1175	Ciliophora	SKSha3Nov	0.00046011	SK	Sha3	Nov	Sha	11	
1080	Cryptophyta_X	SKSha1Nov	0.455665842	SK	Sha1	Nov	Sha	11	0.418070882
1124	Cryptophyta_X	SKSha2Nov	0.334783071	SK	Sha2	Nov	Sha	11	
1168	Cryptophyta_X	SKSha3Nov	0.463763734	SK	Sha3	Nov	Sha	11	
1088	Cryptophyta_X:nucl	SKSha1Nov	0.001093983	SK	Sha1	Nov	Sha	11	0.006844177
1132	Cryptophyta_X:nucl	SKSha2Nov	0.001856039	SK	Sha2	Nov	Sha	11	
1176	Cryptophyta_X:nucl	SKSha3Nov	0.017582509	SK	Sha3	Nov	Sha	11	
1081	Dinoflagellata	SKSha1Nov	0.027362896	SK	Sha1	Nov	Sha	11	0.042113622
1125	Dinoflagellata	SKSha2Nov	0.03238738	SK	Sha2	Nov	Sha	11	
1169	Dinoflagellata	SKSha3Nov	0.06659059	SK	Sha3	Nov	Sha	11	
1082	Gyrista	SKSha1Nov	0.033777447	SK	Sha1	Nov	Sha	11	0.038063078
1126	Gyrista	SKSha2Nov	0.040975777	SK	Sha2	Nov	Sha	11	
1170	Gyrista	SKSha3Nov	0.03943601	SK	Sha3	Nov	Sha	11	
1085	Haptophyta_X	SKSha1Nov	0.093507424	SK	Sha1	Nov	Sha	11	0.096214633
1129	Haptophyta_X	SKSha2Nov	0.083223472	SK	Sha2	Nov	Sha	11	
1173	Haptophyta_X	SKSha3Nov	0.111913001	SK	Sha3	Nov	Sha	11	
1089	others	SKSha1Nov	0.000743774	SK	Sha1	Nov	Sha	11	0.000707589
1133	others	SKSha2Nov	0.00037619	SK	Sha2	Nov	Sha	11	
1177	others	SKSha3Nov	0.001002805	SK	Sha3	Nov	Sha	11	
1084	Picozoa_X	SKSha1Nov	0.001706614	SK	Sha1	Nov	Sha	11	0.00522605
1128	Picozoa_X	SKSha2Nov	0.006751343	SK	Sha2	Nov	Sha	11	
1172	Picozoa_X	SKSha3Nov	0.007220194	SK	Sha3	Nov	Sha	11	
1083	Rhodophyta_X	SKSha1Nov	0.004219649	SK	Sha1	Nov	Sha	11	0.010195004
1127	Rhodophyta_X	SKSha2Nov	0.006681741	SK	Sha2	Nov	Sha	11	
1171	Rhodophyta_X	SKSha3Nov	0.019683623	SK	Sha3	Nov	Sha	11	
173	Cercozoa	HKSta1Nov	0.000209408	HK	Sta1	Nov	Sta	11	0.000742968
217	Cercozoa	HKSta2Nov	0.002019496	HK	Sta2	Nov	Sta	11	
261	Cercozoa	HKSta3Nov	0	HK	Sta3	Nov	Sta	11	
166	Chlorophyta_X	HKSta1Nov	0.202467857	HK	Sta1	Nov	Sta	11	0.185752961
210	Chlorophyta_X	HKSta2Nov	0.212755176	HK	Sta2	Nov	Sta	11	
254	Chlorophyta_X	HKSta3Nov	0.142035851	HK	Sta3	Nov	Sta	11	
174	Ciliophora	HKSta1Nov	0.000166295	HK	Sta1	Nov	Sta	11	0.000737312
218	Ciliophora	HKSta2Nov	0.00155512	HK	Sta2	Nov	Sta	11	
262	Ciliophora	HKSta3Nov	0.000490522	HK	Sta3	Nov	Sta	11	
167	Cryptophyta_X	HKSta1Nov	0.364509951	HK	Sta1	Nov	Sta	11	0.45301129
211	Cryptophyta_X	HKSta2Nov	0.415648919	HK	Sta2	Nov	Sta	11	
255	Cryptophyta_X	HKSta3Nov	0.578875002	HK	Sta3	Nov	Sta	11	
175	Cryptophyta_X:nucl	HKSta1Nov	0.018218517	HK	Sta1	Nov	Sta	11	0.019230189
219	Cryptophyta_X:nucl	HKSta2Nov	0.027783364	HK	Sta2	Nov	Sta	11	
263	Cryptophyta_X:nucl	HKSta3Nov	0.011688685	HK	Sta3	Nov	Sta	11	
168	Dinoflagellata	HKSta1Nov	0.070620654	HK	Sta1	Nov	Sta	11	0.103543562
212	Dinoflagellata	HKSta2Nov	0.163555199	HK	Sta2	Nov	Sta	11	
256	Dinoflagellata	HKSta3Nov	0.076454831	HK	Sta3	Nov	Sta	11	
169	Gyrista	HKSta1Nov	0.0584249	HK	Sta1	Nov	Sta	11	0.030636126
213	Gyrista	HKSta2Nov	0.030301876	HK	Sta2	Nov	Sta	11	
257	Gyrista	HKSta3Nov	0.003181603	HK	Sta3	Nov	Sta	11	
172	Haptophyta_X	HKSta1Nov	0.119990924	HK	Sta1	Nov	Sta	11	0.116728102
216	Haptophyta_X	HKSta2Nov	0.085133543	HK	Sta2	Nov	Sta	11	
260	Haptophyta_X	HKSta3Nov	0.14505984	HK	Sta3	Nov	Sta	11	
176	others	HKSta1Nov	0.000527375	HK	Sta1	Nov	Sta	11	0.00424747
220	others	HKSta2Nov	0.003127797	HK	Sta2	Nov	Sta	11	
264	others	HKSta3Nov	0.00908724	HK	Sta3	Nov	Sta	11	
171	Picozoa_X	HKSta1Nov	0.001884674	HK	Sta1	Nov	Sta	11	0.005933149
215	Picozoa_X	HKSta2Nov	0.009179526	HK	Sta2	Nov	Sta	11	
259	Picozoa_X	HKSta3Nov	0.006735248	HK	Sta3	Nov	Sta	11	
170	Rhodophyta_X	HKSta1Nov	0.162979445	HK	Sta1	Nov	Sta	11	0.079436869
214	Rhodophyta_X	HKSta2Nov	0.048939985	HK	Sta2	Nov	Sta	11	
258	Rhodophyta_X	HKSta3Nov	0.026391177	HK	Sta3	Nov	Sta	11	
305	Cercozoa	HKSW1Nov	0.000949195	HK	SW1	Nov	SW	11	0.000499283
349	Cercozoa	HKSW2Nov	0	HK	SW2	Nov	SW	11	
393	Cercozoa	HKSW3Nov	0.000548655	HK	SW3	Nov	SW	11	
298	Chlorophyta_X	HKSW1Nov	0.234396803	HK	SW1	Nov	SW	11	0.182594248
342	Chlorophyta_X	HKSW2Nov	0.005766643	HK	SW2	Nov	SW	11	
386	Chlorophyta_X	HKSW3Nov	0.307619296	HK	SW3	Nov	SW	11	
306	Ciliophora	HKSW1Nov	0.000251257	HK	SW1	Nov	SW	11	0.000172506
350	Ciliophora	HKSW2Nov	0	HK	SW2	Nov	SW	11	
394	Ciliophora	HKSW3Nov	0.000266259	HK	SW3	Nov	SW	11	
299	Cryptophyta_X	HKSW1Nov	0.474597252	HK	SW1	Nov	SW	11	0.636253423
343	Cryptophyta_X	HKSW2Nov	0.945128218	HK	SW2	Nov	SW	11	
387	Cryptophyta_X	HKSW3Nov	0.489034799	HK	SW3	Nov	SW	11	
307	Cryptophyta_X:nucl	HKSW1Nov	0.008226352	HK	SW1	Nov	SW	11	0.008289633
351	Cryptophyta_X:nucl	HKSW2Nov	0	HK	SW2	Nov	SW	11	
395	Cryptophyta_X:nucl	HKSW3Nov	0.016642546	HK	SW3	Nov	SW	11	
300	Dinoflagellata	HKSW1Nov	0.060087107	HK	SW1	Nov	SW	11	0.032610956
344	Dinoflagellata	HKSW2Nov	0.007487717	HK	SW2	Nov	SW	11	
388	Dinoflagellata	HKSW3Nov	0.030258044	HK	SW3	Nov	SW	11	
301	Gyrista	HKSW1Nov	0.041965245	HK	SW1	Nov	SW	11	0.031288592
345	Gyrista	HKSW2Nov	0.017885466	HK	SW2	Nov	SW	11	
389	Gyrista	HKSW3Nov	0.034015064	HK	SW3	Nov	SW	11	
304	Haptophyta_X	HKSW1Nov	0.070620071	HK	SW1	Nov	SW	11	0.048326286
348	Haptophyta_X	HKSW2Nov	0.001818711	HK	SW2	Nov	SW	11	
392	Haptophyta_X	HKSW3Nov	0.072540075	HK	SW3	Nov	SW	11	
308	others	HKSW1Nov	0.006176752	HK	SW1	Nov	SW	11	0.00251613
352	others	HKSW2Nov	0	HK	SW2	Nov	SW	11	
396	others	HKSW3Nov	0.001371638	HK	SW3	Nov	SW	11	
303	Picozoa_X	HKSW1Nov	0.016895662	HK	SW1	Nov	SW	11	0.007072108
347	Picozoa_X	HKSW2Nov	0	HK	SW2	Nov	SW	11	
391	Picozoa_X	HKSW3Nov	0.004320661	HK	SW3	Nov	SW	11	
302	Rhodophyta_X	HKSW1Nov	0.085834303	HK	SW1	Nov	SW	11	0.050376837
346	Rhodophyta_X	HKSW2Nov	0.021913245	HK	SW2	Nov	SW	11	
390	Rhodophyta_X	HKSW3Nov	0.043382962	HK	SW3	Nov	SW	11	
